  Current Time (s),Current Time (years),Pore Volume,Phase1-S2- Volume rate,Phase2-S2- Volume rate,Phase1-S2- Cumulative production,Phase2-S2- Cumulative production,Phase1-S3- Volume rate,Phase2-S3- Volume rate,Phase1-S3- Cumulative production,Phase2-S3- Cumulative production
 0.86400000000E+05,0.27397260274E-02,0.40000000000E+03,-.59917841626E-05,0.20943240207E-07,-.51769015165E+00,0.18094959539E-02,0.26404813162E-12,0.52809626279E-05,0.22813758572E-07,0.45627517105E+00
 0.17280000000E+06,0.54794520548E-02,0.40000000000E+03,-.52214893897E-05,0.77926003068E-07,-.96882683492E+00,0.85423026189E-02,0.26644484562E-12,0.53288969063E-05,0.45834593234E-07,0.91669186376E+00
 0.25920000000E+06,0.82191780822E-02,0.40000000000E+03,-.53767682236E-05,0.12426214203E-06,-.14333796094E+01,0.19278551691E-01,0.26672441850E-12,0.53344883608E-05,0.68879582992E-07,0.13775916581E+01
 0.34560000000E+06,0.10958904110E-01,0.40000000000E+03,-.54357673083E-05,0.14657558768E-06,-.19030299049E+01,0.31942682466E-01,0.26755607799E-12,0.53511215468E-05,0.91996428130E-07,0.18399285598E+01
 0.43200000000E+06,0.13698630137E-01,0.40000000000E+03,-.55027296581E-05,0.17388882744E-06,-.23784657473E+01,0.46966677157E-01,0.26806518564E-12,0.53613036901E-05,0.11515726017E-06,0.23031451986E+01
 0.51840000000E+06,0.16438356164E-01,0.40000000000E+03,-.55269076564E-05,0.18732930682E-06,-.28559905688E+01,0.63151929266E-01,0.26880874391E-12,0.53761748572E-05,0.13838233564E-06,0.27676467063E+01
 0.60480000000E+06,0.19178082192E-01,0.40000000000E+03,-.55752591966E-05,0.20529142818E-06,-.33376929634E+01,0.80889108661E-01,0.26947046034E-12,0.53894091800E-05,0.16166458342E-06,0.32332916594E+01
 0.69120000000E+06,0.21917808219E-01,0.40000000000E+03,-.55928222277E-05,0.21544927440E-06,-.38209128039E+01,0.99503925969E-01,0.27005291198E-12,0.54010582129E-05,0.18499715501E-06,0.36999430890E+01
 0.77760000000E+06,0.24657534247E-01,0.40000000000E+03,-.56324470426E-05,0.22576874700E-06,-.43075562284E+01,0.11901034571E+00,0.27073687100E-12,0.54147373903E-05,0.20838882067E-06,0.41677763995E+01
 0.86400000000E+06,0.27397260274E-01,0.40000000000E+03,-.56501354518E-05,0.23129796892E-06,-.47957279314E+01,0.13899449022E+00,0.27135060735E-12,0.54270121143E-05,0.23183351314E-06,0.46366702462E+01
 0.95040000000E+06,0.30136986301E-01,0.40000000000E+03,-.56725443331E-05,0.23769353153E-06,-.52858357618E+01,0.15953121135E+00,0.27200109609E-12,0.54400218823E-05,0.25533440784E-06,0.51066881368E+01
 0.10368000000E+07,0.32876712329E-01,0.40000000000E+03,-.56840636651E-05,0.24314820802E-06,-.57769388625E+01,0.18053921652E+00,0.27261041242E-12,0.54522082050E-05,0.27888794748E-06,0.55777589258E+01
 0.11232000000E+07,0.35616438356E-01,0.40000000000E+03,-.56993236568E-05,0.24797495989E-06,-.62693604264E+01,0.20196425306E+00,0.27324596540E-12,0.54649192610E-05,0.30249639889E-06,0.60499279499E+01
 0.12096000000E+07,0.38356164384E-01,0.40000000000E+03,-.57050937438E-05,0.25215013465E-06,-.67622805259E+01,0.22375002469E+00,0.27387555384E-12,0.54775110259E-05,0.32615924674E-06,0.65231849025E+01
 0.12960000000E+07,0.41095890411E-01,0.40000000000E+03,-.57234978316E-05,0.25582824411E-06,-.72567907385E+01,0.24585358498E+00,0.27450489135E-12,0.54900977729E-05,0.34987646935E-06,0.69975293501E+01
 0.13824000000E+07,0.43835616438E-01,0.40000000000E+03,-.57370777779E-05,0.25885000840E-06,-.77524742585E+01,0.26821822571E+00,0.27512360691E-12,0.55024720801E-05,0.37364714899E-06,0.74729429378E+01
 0.14688000000E+07,0.46575342466E-01,0.40000000000E+03,-.57533147822E-05,0.26123954275E-06,-.82495606557E+01,0.29078932220E+00,0.27574721145E-12,0.55149441672E-05,0.39747170806E-06,0.79494341139E+01
 0.15552000000E+07,0.49315068493E-01,0.40000000000E+03,-.57724171090E-05,0.26290571459E-06,-.87482974939E+01,0.31350437594E+00,0.27636890507E-12,0.55273780360E-05,0.42134998145E-06,0.84269995762E+01
 0.16416000000E+07,0.52054794521E-01,0.40000000000E+03,-.57830108798E-05,0.26438949074E-06,-.92479496340E+01,0.33634762794E+00,0.27698126736E-12,0.55396252781E-05,0.44528116295E-06,0.89056232002E+01
 0.17280000000E+07,0.54794520548E-01,0.40000000000E+03,-.58054336712E-05,0.26579879440E-06,-.97495391031E+01,0.35931264378E+00,0.27759418138E-12,0.55518835544E-05,0.46926530023E-06,0.93853059393E+01
 0.18144000000E+07,0.57534246575E-01,0.40000000000E+03,-.58135714997E-05,0.26657526990E-06,-.10251831681E+02,0.38234474710E+00,0.27822659296E-12,0.55645317823E-05,0.49330407786E-06,0.98660814853E+01
 0.19008000000E+07,0.60273972603E-01,0.40000000000E+03,-.58288925361E-05,0.26740964950E-06,-.10755447996E+02,0.40544894081E+00,0.27884614239E-12,0.55769227670E-05,0.51739638456E-06,0.10347927612E+02
 0.19872000000E+07,0.63013698630E-01,0.40000000000E+03,-.58441279851E-05,0.26809652584E-06,-.11260380654E+02,0.42861248064E+00,0.27948187108E-12,0.55896373369E-05,0.54154361822E-06,0.10830872278E+02
 0.20736000000E+07,0.65753424658E-01,0.40000000000E+03,-.58574327417E-05,0.26887528099E-06,-.11766462843E+02,0.45184330492E+00,0.28012071424E-12,0.56024141964E-05,0.56574604793E-06,0.11314920865E+02
 0.21600000000E+07,0.68493150685E-01,0.40000000000E+03,-.58707098064E-05,0.26898362361E-06,-.12273692170E+02,0.47508349000E+00,0.28074662974E-12,0.56149325027E-05,0.59000255674E-06,0.11800051033E+02
 0.22464000000E+07,0.71232876712E-01,0.40000000000E+03,-.58839497813E-05,0.26930266670E-06,-.12782065431E+02,0.49835124040E+00,0.28139646441E-12,0.56279291925E-05,0.61431521127E-06,0.12286304115E+02
 0.23328000000E+07,0.73972602740E-01,0.40000000000E+03,-.58966421992E-05,0.26910492049E-06,-.13291535317E+02,0.52160190554E+00,0.28202436853E-12,0.56404872707E-05,0.63868211671E-06,0.12773642216E+02
 0.24192000000E+07,0.76712328767E-01,0.40000000000E+03,-.59094679224E-05,0.26905541415E-06,-.13802113346E+02,0.54484829332E+00,0.28268046263E-12,0.56536091493E-05,0.66310570868E-06,0.13262114046E+02
 0.25056000000E+07,0.79452054795E-01,0.40000000000E+03,-.59221520095E-05,0.26891080820E-06,-.14313787279E+02,0.56808218715E+00,0.28333091719E-12,0.56666182365E-05,0.68758549992E-06,0.13751709862E+02
 0.25920000000E+07,0.82191780822E-01,0.40000000000E+03,-.59343110302E-05,0.26862897693E-06,-.14826511752E+02,0.59129173075E+00,0.28398278718E-12,0.56796556322E-05,0.71212161274E-06,0.14242432108E+02
 0.26784000000E+07,0.84931506849E-01,0.40000000000E+03,-.59483904820E-05,0.26809203712E-06,-.15340452690E+02,0.61445488276E+00,0.28464870266E-12,0.56929739380E-05,0.73671526065E-06,0.14734305057E+02
 0.27648000000E+07,0.87671232877E-01,0.40000000000E+03,-.59612284832E-05,0.26732406208E-06,-.15855502831E+02,0.63755168172E+00,0.28530778904E-12,0.57061556614E-05,0.76136585362E-06,0.15227316906E+02
 0.28512000000E+07,0.90410958904E-01,0.40000000000E+03,-.59746877142E-05,0.26652650415E-06,-.16371715849E+02,0.66057957168E+00,0.28598195855E-12,0.57196390478E-05,0.78607469484E-06,0.15721493719E+02
 0.29376000000E+07,0.93150684932E-01,0.40000000000E+03,-.59881289371E-05,0.26573929850E-06,-.16889090189E+02,0.68353944707E+00,0.28666106097E-12,0.57332210924E-05,0.81084221050E-06,0.16216844022E+02
 0.30240000000E+07,0.95890410959E-01,0.40000000000E+03,-.60017709508E-05,0.26495467003E-06,-.17407643200E+02,0.70643153056E+00,0.28735184161E-12,0.57470367014E-05,0.83566940962E-06,0.16713387993E+02
 0.31104000000E+07,0.98630136986E-01,0.40000000000E+03,-.60151155180E-05,0.26408878773E-06,-.17927349180E+02,0.72924880182E+00,0.28803457903E-12,0.57606914458E-05,0.86055559725E-06,0.17211111734E+02
 0.31968000000E+07,0.10136986301E+00,0.40000000000E+03,-.60290857304E-05,0.26298896840E-06,-.18448262187E+02,0.75197104869E+00,0.28874232504E-12,0.57748463684E-05,0.88550293413E-06,0.17710058460E+02
 0.32832000000E+07,0.10410958904E+00,0.40000000000E+03,-.60424546471E-05,0.26240338143E-06,-.18970330269E+02,0.77464270085E+00,0.28943859302E-12,0.57887717246E-05,0.91051042857E-06,0.18210208337E+02
 0.33696000000E+07,0.10684931507E+00,0.40000000000E+03,-.60561496974E-05,0.26137754118E-06,-.19493581603E+02,0.79722572041E+00,0.29014954051E-12,0.58029906705E-05,0.93557934887E-06,0.18711586731E+02
 0.34560000000E+07,0.10958904110E+00,0.40000000000E+03,-.60698832630E-05,0.26032260354E-06,-.20018019517E+02,0.81971759335E+00,0.29086701659E-12,0.58173401883E-05,0.96071025910E-06,0.19214204923E+02
 0.35424000000E+07,0.11232876712E+00,0.40000000000E+03,-.60842231519E-05,0.25938233700E-06,-.20543696397E+02,0.84212822727E+00,0.29159012953E-12,0.58318024432E-05,0.98590364629E-06,0.19718072654E+02
 0.36288000000E+07,0.11506849315E+00,0.40000000000E+03,-.60984835262E-05,0.25826254368E-06,-.21070605374E+02,0.86444211104E+00,0.29232470597E-12,0.58464939682E-05,0.10111605009E-05,0.20223209733E+02
 0.37152000000E+07,0.11780821918E+00,0.40000000000E+03,-.61125938293E-05,0.25762668872E-06,-.21598733481E+02,0.88670105695E+00,0.29306710637E-12,0.58613419724E-05,0.10364814989E-05,0.20729629679E+02
 0.38016000000E+07,0.12054794521E+00,0.40000000000E+03,-.61274368302E-05,0.25640724235E-06,-.22128144023E+02,0.90885464269E+00,0.29382381097E-12,0.58764760606E-05,0.10618678761E-05,0.21237357211E+02
 0.38880000000E+07,0.12328767123E+00,0.40000000000E+03,-.61416735706E-05,0.25568786311E-06,-.22658784619E+02,0.93094607406E+00,0.29458016344E-12,0.58916031063E-05,0.10873196023E-05,0.21746391719E+02
 0.39744000000E+07,0.12602739726E+00,0.40000000000E+03,-.61564665209E-05,0.25448180303E-06,-.23190703327E+02,0.95293330184E+00,0.29535237338E-12,0.59070473010E-05,0.11128380473E-05,0.22256760606E+02
 0.40608000000E+07,0.12876712329E+00,0.40000000000E+03,-.61717397700E-05,0.25369602766E-06,-.23723941643E+02,0.97485263863E+00,0.29614905119E-12,0.59229808533E-05,0.11384253254E-05,0.22768506152E+02
 0.41472000000E+07,0.13150684932E+00,0.40000000000E+03,-.61868249807E-05,0.25243998289E-06,-.24258483321E+02,0.99666345315E+00,0.29694471173E-12,0.59388940601E-05,0.11640813484E-05,0.23281626599E+02
 0.42336000000E+07,0.13424657534E+00,0.40000000000E+03,-.62017192140E-05,0.25171142207E-06,-.24794311861E+02,0.10184113200E+01,0.29772942172E-12,0.59545882560E-05,0.11898051705E-05,0.23796103024E+02
 0.43200000000E+07,0.13698630137E+00,0.40000000000E+03,-.62166674273E-05,0.25054253610E-06,-.25331431927E+02,0.10400581951E+01,0.29852827518E-12,0.59705653212E-05,0.12155980135E-05,0.24311959868E+02
 0.44064000000E+07,0.13972602740E+00,0.40000000000E+03,-.62327746139E-05,0.24969295693E-06,-.25869943653E+02,0.10616316666E+01,0.29937598772E-12,0.59875195681E-05,0.12414640988E-05,0.24829281559E+02
 0.44928000000E+07,0.14246575342E+00,0.40000000000E+03,-.62491309453E-05,0.24880766196E-06,-.26409868567E+02,0.10831286486E+01,0.30023163163E-12,0.60046324422E-05,0.12674041118E-05,0.25348081802E+02
 0.45792000000E+07,0.14520547945E+00,0.40000000000E+03,-.62659744573E-05,0.24793792582E-06,-.26951248760E+02,0.11045504854E+01,0.30110723670E-12,0.60221445396E-05,0.12934197770E-05,0.25868395090E+02
 0.46656000000E+07,0.14794520548E+00,0.40000000000E+03,-.62818345901E-05,0.24697668021E-06,-.27493999269E+02,0.11258892706E+01,0.30195352757E-12,0.60390703528E-05,0.13195085618E-05,0.26390170768E+02
 0.47520000000E+07,0.15068493151E+00,0.40000000000E+03,-.62981736432E-05,0.24610156866E-06,-.28038161472E+02,0.11471524461E+01,0.30281824065E-12,0.60563646105E-05,0.13456720578E-05,0.26913440671E+02
 0.48384000000E+07,0.15342465753E+00,0.40000000000E+03,-.63108231360E-05,0.24522070897E-06,-.28583416591E+02,0.11683395154E+01,0.30349601461E-12,0.60699200856E-05,0.13718941135E-05,0.27437881766E+02
 0.49248000000E+07,0.15616438356E+00,0.40000000000E+03,-.63019293331E-05,0.24537897169E-06,-.29127903285E+02,0.11895402585E+01,0.30302312207E-12,0.60604622325E-05,0.13980753112E-05,0.27961505703E+02
 0.50112000000E+07,0.15890410959E+00,0.40000000000E+03,-.63115801900E-05,0.24287220339E-06,-.29673223813E+02,0.12105244169E+01,0.30420878269E-12,0.60841754432E-05,0.14243589500E-05,0.28487178461E+02
 0.50976000000E+07,0.16164383562E+00,0.40000000000E+03,-.63721232834E-05,0.24339165369E-06,-.30223775265E+02,0.12315534558E+01,0.30676767005E-12,0.61353531855E-05,0.14508636767E-05,0.29017272976E+02
 0.51840000000E+07,0.16438356164E+00,0.40000000000E+03,-.63750018800E-05,0.24079743889E-06,-.30774575427E+02,0.12523583545E+01,0.30758271648E-12,0.61516541099E-05,0.14774388234E-05,0.29548775892E+02
 0.52704000000E+07,0.16712328767E+00,0.40000000000E+03,-.64206425921E-05,0.24053580044E-06,-.31329318947E+02,0.12731406476E+01,0.30957743220E-12,0.61915484198E-05,0.15041863136E-05,0.30083725675E+02
 0.53568000000E+07,0.16986301370E+00,0.40000000000E+03,-.64993794819E-05,0.23932401069E-06,-.31890865335E+02,0.12938182422E+01,0.31309750678E-12,0.62619499057E-05,0.15312379382E-05,0.30624758147E+02
 0.54432000000E+07,0.17260273973E+00,0.40000000000E+03,-.65381436428E-05,0.23880245649E-06,-.32455760945E+02,0.13144507744E+01,0.31508121060E-12,0.63016239772E-05,0.15584609547E-05,0.31169218458E+02
 0.55296000000E+07,0.17534246575E+00,0.40000000000E+03,-.65785068904E-05,0.23720423992E-06,-.33024143941E+02,0.13349452207E+01,0.31717411818E-12,0.63434821244E-05,0.15858647986E-05,0.31717295314E+02
 0.56160000000E+07,0.17808219178E+00,0.40000000000E+03,-.66148488564E-05,0.23662471692E-06,-.33595666882E+02,0.13553895963E+01,0.31904763036E-12,0.63809523632E-05,0.16134305138E-05,0.32268609598E+02
 0.57024000000E+07,0.18082191781E+00,0.40000000000E+03,-.66495850253E-05,0.23544819843E-06,-.34170191028E+02,0.13757323206E+01,0.32081250413E-12,0.64162498337E-05,0.16411487142E-05,0.32822973584E+02
 0.57888000000E+07,0.18356164384E+00,0.40000000000E+03,-.66760065445E-05,0.23476814954E-06,-.34746997994E+02,0.13960162887E+01,0.32222199333E-12,0.64444396133E-05,0.16689886944E-05,0.33379773166E+02
 0.58752000000E+07,0.18630136986E+00,0.40000000000E+03,-.67115748427E-05,0.23364751352E-06,-.35326878060E+02,0.14162034339E+01,0.32402599387E-12,0.64805196193E-05,0.16969845403E-05,0.33939690062E+02
 0.59616000000E+07,0.18904109589E+00,0.40000000000E+03,-.67452083239E-05,0.23301884452E-06,-.35909664059E+02,0.14363362621E+01,0.32576487704E-12,0.65152972781E-05,0.17251306256E-05,0.34502611746E+02
 0.60480000000E+07,0.19178082192E+00,0.40000000000E+03,-.67800903798E-05,0.23203093990E-06,-.36495463868E+02,0.14563837353E+01,0.32753468329E-12,0.65506933983E-05,0.17534296223E-05,0.35068591656E+02
 0.61344000000E+07,0.19452054795E+00,0.40000000000E+03,-.68201990051E-05,0.23142326398E-06,-.37084729062E+02,0.14763787053E+01,0.32957445205E-12,0.65914887684E-05,0.17819048549E-05,0.35638096286E+02
 0.62208000000E+07,0.19726027397E+00,0.40000000000E+03,-.68474172956E-05,0.23039424651E-06,-.37676345916E+02,0.14962847682E+01,0.33097249715E-12,0.66194496658E-05,0.18105008787E-05,0.36210016737E+02
 0.63072000000E+07,0.20000000000E+00,0.40000000000E+03,-.68821444289E-05,0.22960725770E-06,-.38270963195E+02,0.15161228353E+01,0.33277830413E-12,0.66555658005E-05,0.18392529242E-05,0.36785057622E+02
 0.63936000000E+07,0.20273972603E+00,0.40000000000E+03,-.69159992159E-05,0.22877707496E-06,-.38868505527E+02,0.15358891745E+01,0.33448249722E-12,0.66896496574E-05,0.18681522119E-05,0.37363043352E+02
 0.64800000000E+07,0.20547945205E+00,0.40000000000E+03,-.69502440422E-05,0.22800544901E-06,-.39469006613E+02,0.15555888453E+01,0.33625216206E-12,0.67250429494E-05,0.18972043987E-05,0.37944087063E+02
 0.65664000000E+07,0.20821917808E+00,0.40000000000E+03,-.69838854259E-05,0.22714915666E-06,-.40072414313E+02,0.15752145325E+01,0.33795472351E-12,0.67590941734E-05,0.19264036868E-05,0.38528072800E+02
 0.66528000000E+07,0.21095890411E+00,0.40000000000E+03,-.70164573252E-05,0.22641382270E-06,-.40678636226E+02,0.15947766867E+01,0.33964261584E-12,0.67928520151E-05,0.19557488089E-05,0.39114975214E+02
 0.67392000000E+07,0.21369863014E+00,0.40000000000E+03,-.70507217148E-05,0.22563274359E-06,-.41287818582E+02,0.16142713558E+01,0.34137068567E-12,0.68274134068E-05,0.19852432361E-05,0.39704863732E+02
 0.68256000000E+07,0.21643835616E+00,0.40000000000E+03,-.70847079886E-05,0.22495493075E-06,-.41899937353E+02,0.16337074618E+01,0.34312412354E-12,0.68624821591E-05,0.20148891604E-05,0.40297782191E+02
 0.69120000000E+07,0.21917808219E+00,0.40000000000E+03,-.71179955405E-05,0.22419228275E-06,-.42514932167E+02,0.16530776750E+01,0.34480901442E-12,0.68961799718E-05,0.20446806592E-05,0.40893612140E+02
 0.69984000000E+07,0.22191780822E+00,0.40000000000E+03,-.71512110059E-05,0.22351424252E-06,-.43132796798E+02,0.16723893056E+01,0.34652311797E-12,0.69304620377E-05,0.20746202566E-05,0.41492404060E+02
 0.70848000000E+07,0.22465753425E+00,0.40000000000E+03,-.71845640813E-05,0.22275823868E-06,-.43753543135E+02,0.16916356174E+01,0.34820840614E-12,0.69641677961E-05,0.21047054629E-05,0.42094108158E+02
 0.71712000000E+07,0.22739726027E+00,0.40000000000E+03,-.72183128629E-05,0.22205174857E-06,-.44377205366E+02,0.17108208885E+01,0.34994595570E-12,0.69989187822E-05,0.21349407935E-05,0.42698814741E+02
 0.72576000000E+07,0.23013698630E+00,0.40000000000E+03,-.72519029283E-05,0.22133133557E-06,-.45003769779E+02,0.17299439159E+01,0.35164636434E-12,0.70329269497E-05,0.21653230393E-05,0.43306459629E+02
 0.73440000000E+07,0.23287671233E+00,0.40000000000E+03,-.72854581064E-05,0.22058556262E-06,-.45633233360E+02,0.17490025085E+01,0.35337366976E-12,0.70674730530E-05,0.21958545244E-05,0.43917089301E+02
 0.74304000000E+07,0.23561643836E+00,0.40000000000E+03,-.73209381402E-05,0.21986393686E-06,-.46265762415E+02,0.17679987526E+01,0.35516420308E-12,0.71032837141E-05,0.22265407116E-05,0.44530813014E+02
 0.75168000000E+07,0.23835616438E+00,0.40000000000E+03,-.73553767245E-05,0.21912489204E-06,-.46901266964E+02,0.17869311433E+01,0.35694172791E-12,0.71388342054E-05,0.22573804769E-05,0.45147608289E+02
 0.76032000000E+07,0.24109589041E+00,0.40000000000E+03,-.73912358231E-05,0.21837125248E-06,-.47539869739E+02,0.18057984195E+01,0.35875255559E-12,0.71750507538E-05,0.22883766977E-05,0.45767532674E+02
 0.76896000000E+07,0.24383561644E+00,0.40000000000E+03,-.74263947607E-05,0.21765390594E-06,-.48181510246E+02,0.18246037170E+01,0.36057377260E-12,0.72114750887E-05,0.23195302716E-05,0.46390604122E+02
 0.77760000000E+07,0.24657534247E+00,0.40000000000E+03,-.74645213197E-05,0.21688608260E-06,-.48826444888E+02,0.18433426745E+01,0.36249476881E-12,0.72498950073E-05,0.23508498196E-05,0.47016995051E+02
 0.78624000000E+07,0.24931506849E+00,0.40000000000E+03,-.75019712855E-05,0.21612685057E-06,-.49474615207E+02,0.18620160344E+01,0.36443218538E-12,0.72886433332E-05,0.23823367604E-05,0.47646733835E+02
 0.79488000000E+07,0.25205479452E+00,0.40000000000E+03,-.75404646507E-05,0.21534124691E-06,-.50126111353E+02,0.18806215182E+01,0.36637551075E-12,0.73275098352E-05,0.24139916046E-05,0.48279830684E+02
 0.80352000000E+07,0.25479452055E+00,0.40000000000E+03,-.75790543826E-05,0.21460103737E-06,-.50780941652E+02,0.18991630478E+01,0.36837778873E-12,0.73675553892E-05,0.24458194455E-05,0.48916387470E+02
 0.81216000000E+07,0.25753424658E+00,0.40000000000E+03,-.76190893811E-05,0.21375000823E-06,-.51439230974E+02,0.19176310485E+01,0.37040889787E-12,0.74081775662E-05,0.24778227743E-05,0.49556454012E+02
 0.82080000000E+07,0.26027397260E+00,0.40000000000E+03,-.76586652241E-05,0.21301230285E-06,-.52100939650E+02,0.19360353115E+01,0.37246520037E-12,0.74493036105E-05,0.25100037676E-05,0.50200073844E+02
 0.82944000000E+07,0.26301369863E+00,0.40000000000E+03,-.77007149825E-05,0.21217513092E-06,-.52766281424E+02,0.19543672428E+01,0.37459047173E-12,0.74918090319E-05,0.25423683844E-05,0.50847366144E+02
 0.83808000000E+07,0.26575342466E+00,0.40000000000E+03,-.77424862898E-05,0.21140676968E-06,-.53435232240E+02,0.19726327877E+01,0.37673239843E-12,0.75346475600E-05,0.25749180636E-05,0.51498359693E+02
 0.84672000000E+07,0.26849315068E+00,0.40000000000E+03,-.77854723416E-05,0.21060299426E-06,-.54107897050E+02,0.19908288864E+01,0.37891445172E-12,0.75782886200E-05,0.26076562722E-05,0.52153123830E+02
 0.85536000000E+07,0.27123287671E+00,0.40000000000E+03,-.78306080805E-05,0.20983335703E-06,-.54784461588E+02,0.20089584884E+01,0.38122102898E-12,0.76244201590E-05,0.26405937691E-05,0.52811873732E+02
 0.86400000000E+07,0.27397260274E+00,0.40000000000E+03,-.78756951710E-05,0.20909007988E-06,-.55464921651E+02,0.20270238713E+01,0.38349685111E-12,0.76699365953E-05,0.26737278971E-05,0.53474556253E+02
 0.87264000000E+07,0.27671232877E+00,0.40000000000E+03,-.79220447886E-05,0.20830997455E-06,-.56149386321E+02,0.20450218531E+01,0.38585351484E-12,0.77170698634E-05,0.27070656407E-05,0.54141311090E+02
 0.88128000000E+07,0.27945205479E+00,0.40000000000E+03,-.79697234413E-05,0.20760302579E-06,-.56837970426E+02,0.20629587546E+01,0.38825520471E-12,0.77651036455E-05,0.27406108904E-05,0.54812216045E+02
 0.88992000000E+07,0.28219178082E+00,0.40000000000E+03,-.80180955448E-05,0.20683572796E-06,-.57530733881E+02,0.20808293615E+01,0.39071511374E-12,0.78143017884E-05,0.27743686763E-05,0.55487371719E+02
 0.89856000000E+07,0.28493150685E+00,0.40000000000E+03,-.80690235133E-05,0.20613050784E-06,-.58227897513E+02,0.20986390373E+01,0.39325098983E-12,0.78650193356E-05,0.28083455618E-05,0.56166909390E+02
 0.90720000000E+07,0.28767123288E+00,0.40000000000E+03,-.81196216478E-05,0.20534003296E-06,-.58929432823E+02,0.21163804162E+01,0.39583360107E-12,0.79166715555E-05,0.28425455849E-05,0.56850909812E+02
 0.91584000000E+07,0.29041095890E+00,0.40000000000E+03,-.81726541035E-05,0.20463311744E-06,-.59635550138E+02,0.21340607175E+01,0.39846826196E-12,0.79693647696E-05,0.28769732427E-05,0.57539462928E+02
 0.92448000000E+07,0.29315068493E+00,0.40000000000E+03,-.82268062444E-05,0.20379181108E-06,-.60346346197E+02,0.21516683300E+01,0.40123239973E-12,0.80246475201E-05,0.29116397221E-05,0.58232792474E+02
 0.93312000000E+07,0.29589041096E+00,0.40000000000E+03,-.82810081714E-05,0.20307392100E-06,-.61061825303E+02,0.21692139168E+01,0.40396118326E-12,0.80792231824E-05,0.29465419683E-05,0.58930837357E+02
 0.94176000000E+07,0.29863013699E+00,0.40000000000E+03,-.83383889366E-05,0.20215125701E-06,-.61782262107E+02,0.21866797854E+01,0.40689572478E-12,0.81379140036E-05,0.29816977589E-05,0.59633953127E+02
 0.95040000000E+07,0.30136986301E+00,0.40000000000E+03,-.83976962328E-05,0.20136110969E-06,-.62507823062E+02,0.22040773853E+01,0.40987152363E-12,0.81974299698E-05,0.30171106586E-05,0.60342211076E+02
 0.95904000000E+07,0.30410958904E+00,0.40000000000E+03,-.84558874071E-05,0.20035553828E-06,-.63238411734E+02,0.22213881038E+01,0.41284395415E-12,0.82568741870E-05,0.30527803762E-05,0.61055605006E+02
 0.96768000000E+07,0.30684931507E+00,0.40000000000E+03,-.85173216790E-05,0.19952976262E-06,-.63974308327E+02,0.22386274753E+01,0.58054884052E-09,0.82826534586E-05,0.53212200197E-04,0.61771226265E+02
 0.97632000000E+07,0.30958904110E+00,0.40000000000E+03,-.85759164522E-05,0.19846301623E-06,-.64715267508E+02,0.22557746799E+01,0.24014554462E-06,0.80850481922E-05,0.20801787256E-01,0.62469774429E+02
 0.98496000000E+07,0.31232876712E+00,0.40000000000E+03,-.86111398670E-05,0.19767396166E-06,-.65459269993E+02,0.22728537101E+01,0.11599449028E-05,0.70213360495E-05,0.12102102686E+00,0.63076417863E+02
 0.99360000000E+07,0.31506849315E+00,0.40000000000E+03,-.87488654618E-05,0.19659661290E-06,-.66215171969E+02,0.22898396575E+01,0.23502664922E-05,0.61112335830E-05,0.32408405178E+00,0.63604428445E+02
 0.10022400000E+08,0.31780821918E+00,0.40000000000E+03,-.87532315307E-05,0.19583152406E-06,-.66971451173E+02,0.23067595012E+01,0.27360721826E-05,0.52104653995E-05,0.56048068836E+00,0.64054612655E+02
 0.10108800000E+08,0.32054794521E+00,0.40000000000E+03,-.88181181920E-05,0.19474335485E-06,-.67733336585E+02,0.23235853270E+01,0.33569552823E-05,0.47985558687E-05,0.85052162476E+00,0.64469207882E+02
 0.10195200000E+08,0.32328767123E+00,0.40000000000E+03,-.88800083747E-05,0.19418400933E-06,-.68500569308E+02,0.23403628254E+01,0.38632083203E-05,0.45556309979E-05,0.11843028236E+01,0.64862814401E+02
 0.10281600000E+08,0.32602739726E+00,0.40000000000E+03,-.89874572185E-05,0.19308274910E-06,-.69277085612E+02,0.23570451750E+01,0.42930034786E-05,0.44877204705E-05,0.15552183242E+01,0.65250553449E+02
 0.10368000000E+08,0.32876712329E+00,0.40000000000E+03,-.90483601738E-05,0.19251714369E-06,-.70058863931E+02,0.23736786562E+01,0.45160948799E-05,0.43272611268E-05,0.19454089218E+01,0.65624428811E+02
 0.10454400000E+08,0.33150684932E+00,0.40000000000E+03,-.91219305894E-05,0.19169080436E-06,-.70846998734E+02,0.23902407417E+01,0.47044231223E-05,0.42140578589E-05,0.23518710796E+01,0.65988523410E+02
 0.10540800000E+08,0.33424657534E+00,0.40000000000E+03,-.91811721096E-05,0.19107122816E-06,-.71640252004E+02,0.24067492958E+01,0.48548429581E-05,0.41282936423E-05,0.27713295112E+01,0.66345207980E+02
 0.10627200000E+08,0.33698630137E+00,0.40000000000E+03,-.92379098005E-05,0.19027947550E-06,-.72438407411E+02,0.24231894425E+01,0.49877749263E-05,0.40466589502E-05,0.32022732648E+01,0.66694839314E+02
 0.10713600000E+08,0.33972602740E+00,0.40000000000E+03,-.92955651599E-05,0.18959379161E-06,-.73241544241E+02,0.24395703461E+01,0.51150666149E-05,0.39791806575E-05,0.36442150203E+01,0.67038640523E+02
 0.10800000000E+08,0.34246575342E+00,0.40000000000E+03,-.93344994250E-05,0.18887323848E-06,-.74048044991E+02,0.24558889939E+01,0.52139400419E-05,0.39197990210E-05,0.40946994399E+01,0.67377311158E+02
 0.10886400000E+08,0.34520547945E+00,0.40000000000E+03,-.94089399821E-05,0.18825960236E-06,-.74860977406E+02,0.24721546235E+01,0.53467217066E-05,0.38705613597E-05,0.45566561954E+01,0.67711727659E+02
 0.10972800000E+08,0.34794520548E+00,0.40000000000E+03,-.94620759332E-05,0.18761821634E-06,-.75678500766E+02,0.24883648374E+01,0.54528215550E-05,0.38149514601E-05,0.50277799777E+01,0.68041339466E+02
 0.11059200000E+08,0.35068493151E+00,0.40000000000E+03,-.95169889166E-05,0.18702591074E-06,-.76500768609E+02,0.25045238761E+01,0.55572396809E-05,0.37707276014E-05,0.55079254862E+01,0.68367130330E+02
 0.11145600000E+08,0.35342465753E+00,0.40000000000E+03,-.95709269866E-05,0.18637290565E-06,-.77327696700E+02,0.25206264951E+01,0.56592559122E-05,0.37358740162E-05,0.59968851970E+01,0.68689909845E+02
 0.11232000000E+08,0.35616438356E+00,0.40000000000E+03,-.96060762217E-05,0.18577280739E-06,-.78157661686E+02,0.25366772657E+01,0.57315720218E-05,0.36814929327E-05,0.64920930197E+01,0.69007990835E+02
 0.11318400000E+08,0.35890410959E+00,0.40000000000E+03,-.96538321485E-05,0.18511908630E-06,-.78991752783E+02,0.25526715548E+01,0.58197366668E-05,0.36452705713E-05,0.69949182677E+01,0.69322942212E+02
 0.11404800000E+08,0.36164383562E+00,0.40000000000E+03,-.97043366385E-05,0.18458913133E-06,-.79830207469E+02,0.25686200557E+01,0.59094680343E-05,0.36104215881E-05,0.75054963058E+01,0.69634882637E+02
 0.11491200000E+08,0.36438356164E+00,0.40000000000E+03,-.97537731260E-05,0.18389293025E-06,-.80672933467E+02,0.25845084049E+01,0.59977021322E-05,0.35685747717E-05,0.80236977701E+01,0.69943207498E+02
 0.11577600000E+08,0.36712328767E+00,0.40000000000E+03,-.98039475894E-05,0.18330698184E-06,-.81519994539E+02,0.26003461281E+01,0.60867529885E-05,0.35306982426E-05,0.85495932283E+01,0.70248259826E+02
 0.11664000000E+08,0.36986301370E+00,0.40000000000E+03,-.98527766048E-05,0.18259359345E-06,-.82371274437E+02,0.26161222146E+01,0.61708295288E-05,0.34921422821E-05,0.90827528996E+01,0.70549980919E+02
 0.11750400000E+08,0.37260273973E+00,0.40000000000E+03,-.99025239131E-05,0.18199685285E-06,-.83226852504E+02,0.26318467427E+01,0.62536522945E-05,0.34588566251E-05,0.96230684578E+01,0.70848826131E+02
 0.11836800000E+08,0.37534246575E+00,0.40000000000E+03,-.99499157495E-05,0.18126552436E-06,-.84086525224E+02,0.26475080840E+01,0.63349582503E-05,0.34286160229E-05,0.10170408851E+02,0.71145058556E+02
 0.11923200000E+08,0.37808219178E+00,0.40000000000E+03,-.99980554258E-05,0.18071182398E-06,-.84950357213E+02,0.26631215856E+01,0.64036163968E-05,0.34031933193E-05,0.10723681307E+02,0.71439094458E+02
 0.12009600000E+08,0.38082191781E+00,0.40000000000E+03,-.10044206747E-04,0.17997513108E-06,-.85818176676E+02,0.26786714369E+01,0.64829373352E-05,0.33721719134E-05,0.11283807093E+02,0.71730450112E+02
 0.12096000000E+08,0.38356164384E+00,0.40000000000E+03,-.10091881780E-04,0.17947081972E-06,-.86690115262E+02,0.26941777157E+01,0.65572892720E-05,0.33400959974E-05,0.11850356886E+02,0.72019034406E+02
 0.12182400000E+08,0.38630136986E+00,0.40000000000E+03,-.10137553427E-04,0.17870236139E-06,-.87565999878E+02,0.27096175997E+01,0.66314738477E-05,0.33101502709E-05,0.12423316227E+02,0.72305031389E+02
 0.12268800000E+08,0.38904109589E+00,0.40000000000E+03,-.10184335947E-04,0.17823368734E-06,-.88445926504E+02,0.27250169903E+01,0.67028459214E-05,0.32807254136E-05,0.13002442114E+02,0.72588486065E+02
 0.12355200000E+08,0.39178082192E+00,0.40000000000E+03,-.10230275449E-04,0.17750363658E-06,-.89329822302E+02,0.27403533045E+01,0.67793606782E-05,0.32553655599E-05,0.13588178877E+02,0.72869749649E+02
 0.12441600000E+08,0.39452054795E+00,0.40000000000E+03,-.10276399504E-04,0.17699387565E-06,-.90217703220E+02,0.27556455754E+01,0.68483462854E-05,0.32312781152E-05,0.14179875996E+02,0.73148932079E+02
 0.12528000000E+08,0.39726027397E+00,0.40000000000E+03,-.10320945791E-04,0.17613344227E-06,-.91109432936E+02,0.27708635048E+01,0.69190667678E-05,0.32071396618E-05,0.14777683365E+02,0.73426028945E+02
 0.12614400000E+08,0.40000000000E+00,0.40000000000E+03,-.10366568175E-04,0.17565924399E-06,-.92005104426E+02,0.27860404635E+01,0.69778732900E-05,0.31845071485E-05,0.15380571617E+02,0.73701170363E+02
 0.12700800000E+08,0.40273972603E+00,0.40000000000E+03,-.10410416206E-04,0.17490401403E-06,-.92904564386E+02,0.28011521703E+01,0.70552229135E-05,0.31617728477E-05,0.15990142877E+02,0.73974347537E+02
 0.12787200000E+08,0.40547945205E+00,0.40000000000E+03,-.10455489092E-04,0.17443556641E-06,-.93807918644E+02,0.28162234032E+01,0.71212568138E-05,0.31387873356E-05,0.16605419465E+02,0.74245538763E+02
 0.12873600000E+08,0.40821917808E+00,0.40000000000E+03,-.10498748276E-04,0.17364742856E-06,-.94715010495E+02,0.28312265411E+01,0.71890102682E-05,0.31171879708E-05,0.17226549952E+02,0.74514863804E+02
 0.12960000000E+08,0.41095890411E+00,0.40000000000E+03,-.10542556373E-04,0.17323248471E-06,-.95625887366E+02,0.28461938277E+01,0.72525916293E-05,0.30953227829E-05,0.17853173869E+02,0.74782299692E+02
