gravity, cap_pressure, black_oil, ov_relaxation, one_phase, wells, n_phases, n_components, aspect_ratio, courant_number, shockfront_courant_number, shockfront_number_ratio, min_total_mobility, max_total_mobility, average_total_mobility, min_Darcy_velocity, max_Darcy_velocity, average_Darcy_velocity, min_shockfront_mobratio, max_shockfront_mobratio, average_shockfront_mobratio, average_longitudinal_capillary, average_transverse_capillary, max_longitudinal_capillary, max_transverse_capillary, min_longitudinal_capillary, min_transverse_capillary, average_buoyancy_number, average_longitudinal_buoyancy, average_transverse_buoyancy, max_buoyancy_number, max_longitudinal_buoyancy, max_transverse_buoyancy, min_buoyancy_number, min_longitudinal_buoyancy, min_transverse_buoyancy, average_overrelaxation, max_overrelaxation, min_overrelaxation, average_invPeclet, max_invPeclet, min_invPeclet, res, resold, res_resold, backtrack_par_factor, btpf,
T, T, F, T, F, F,  0.20000000E+01,  0.00000000E+00,  0.26770659E+01,  0.00000000E+00,  0.00000000E+00,  0.00000000E+00,  0.16000000E+03,  0.16000000E+03,  0.16000000E+03,  0.50366901E-10,  0.77420017E-05,  0.13063020E-05,  0.10000000E+01,  0.10000000E+01,  0.10000000E+01,  0.67923028E+00,  0.48678275E+01,  0.49441874E+02,  0.35433419E+03,  0.32165247E-03,  0.23051810E-02,  0.13226026E+02,  0.13951278E+02,  0.94786725E+02,  0.11313326E+04,  0.12665595E+04,  0.81079010E+04,  0.73004142E-02, -0.10071996E+04,  0.52319748E-01, -0.66084521E+07, -0.66084521E+07, -0.66084521E+07,  0.37159213E+09,  0.27048575E+11,  0.17596908E+06,  0.40639691E-10, -0.10000000E+01, -0.40639691E-10, -0.10000000E+01, -0.10000000E+01,
T, T, F, T, F, F,  0.20000000E+01,  0.00000000E+00,  0.26770659E+01,  0.14609869E+01,  0.00000000E+00,  0.00000000E+00,  0.15999999E+03,  0.16000000E+03,  0.16000000E+03,  0.50359996E-10,  0.77401228E-05,  0.12959204E-05,  0.10000000E+01,  0.10000000E+01,  0.10000000E+01,  0.68382675E+00,  0.49007689E+01,  0.49448652E+02,  0.35438277E+03,  0.32173055E-03,  0.23057406E-02,  0.13300828E+02,  0.14114776E+02,  0.95322809E+02,  0.11314684E+04,  0.12666369E+04,  0.81088744E+04,  0.73021964E-02, -0.10074258E+04,  0.52332520E-01, -0.66089726E+07, -0.66089726E+07, -0.66089730E+07,  0.37410676E+09,  0.27052283E+11,  0.17601179E+06,  0.26630660E-03,  0.40639691E-10,  0.65528697E+07, -0.10000000E+01, -0.10000000E+01,
T, T, F, T, F, F,  0.20000000E+01,  0.00000000E+00,  0.26770659E+01,  0.14604229E+01,  0.12588992E+01,  0.37200048E-01,  0.10435590E+03,  0.26813839E+03,  0.15921327E+03,  0.50083687E-10,  0.76738307E-05,  0.12995450E-05,  0.65247568E+00,  0.17177745E+01,  0.81673258E+00,  0.68091963E+00,  0.48799345E+01,  0.49721459E+02,  0.35633789E+03,  0.32450989E-03,  0.23256592E-02,  0.13275147E+02,  0.13942294E+02,  0.95138758E+02,  0.11369923E+04,  0.12698682E+04,  0.81484625E+04,  0.73653180E-02, -0.10165246E+04,  0.52784893E-01, -0.89600706E+07, -0.66015742E+07, -0.20295637E+10,  0.37251634E+09,  0.27201530E+11,  0.17753231E+06,  0.19964641E-03,  0.26630660E-03,  0.74968629E+00, -0.10000000E+01, -0.10000000E+01,
T, T, F, T, F, F,  0.20000000E+01,  0.00000000E+00,  0.26770659E+01,  0.16425915E+01,  0.15128348E+01,  0.43289521E-01,  0.10434800E+03,  0.16000000E+03,  0.15842933E+03,  0.47350112E-10,  0.95188468E-05,  0.12698646E-05,  0.65217508E+00,  0.93091609E+00,  0.73287030E+00,  0.69066349E+00,  0.49497656E+01,  0.52591934E+02,  0.37690967E+03,  0.26161089E-03,  0.18748821E-02,  0.13471183E+02,  0.13827223E+02,  0.96543684E+02,  0.11969129E+04,  0.13024163E+04,  0.85778945E+04,  0.60971720E-02, -0.11102928E+04,  0.43696494E-01, -0.69604073E+07, -0.67504155E+07, -0.48362434E+08,  0.37784699E+09,  0.28771904E+11,  0.14312163E+06,  0.11330420E-03,  0.16010869E-03,  0.70767053E+00, -0.10000000E+01, -0.10000000E+01,
T, T, F, T, F, F,  0.20000000E+01,  0.00000000E+00,  0.26770659E+01,  0.18862429E+01,  0.15133361E+01,  0.44435066E-01,  0.10436104E+03,  0.29971155E+03,  0.15854286E+03,  0.50773865E-10,  0.52179522E-04,  0.13162424E-05,  0.65225666E+00,  0.10884032E+01,  0.72825753E+00,  0.68088934E+00,  0.48797174E+01,  0.49045586E+02,  0.35149412E+03,  0.47724354E-04,  0.34202527E-03,  0.13319241E+02,  0.13486542E+02,  0.95454769E+02,  0.11234427E+04,  0.12621658E+04,  0.80513569E+04,  0.11128795E-02, -0.99452782E+03,  0.79756539E-02, -0.52790155E+09, -0.66789546E+07, -0.14529414E+13,  0.37249976E+09,  0.26831775E+11,  0.26108957E+05,  0.18924842E-03,  0.10656879E-03,  0.17758334E+01, -0.10000000E+01, -0.10000000E+01,
T, T, F, T, F, F,  0.20000000E+01,  0.00000000E+00,  0.26770659E+01,  0.69943161E+02,  0.69943161E+02,  0.43771856E-01,  0.10434820E+03,  0.21608406E+03,  0.15849954E+03,  0.48004922E-10,  0.88985717E-05,  0.12732066E-05,  0.65235429E+00,  0.15368065E+01,  0.73246831E+00,  0.68818294E+00,  0.49319883E+01,  0.51874554E+02,  0.37176844E+03,  0.27984648E-03,  0.20055708E-02,  0.13441959E+02,  0.13800733E+02,  0.96334245E+02,  0.11803795E+04,  0.12945218E+04,  0.84594049E+04,  0.64660660E-02, -0.10872078E+04,  0.46340239E-01, -0.71158582E+07, -0.67373884E+07, -0.26083001E+09,  0.37648993E+09,  0.28379442E+11,  0.15309793E+06,  0.15065145E-03,  0.32687549E-02,  0.46088329E-01, -0.10000000E+01, -0.10000000E+01,
T, T, F, T, F, F,  0.20000000E+01,  0.00000000E+00,  0.26770659E+01,  0.17290891E+01,  0.14274668E+01,  0.44254190E-01,  0.10435503E+03,  0.19309372E+03,  0.15838772E+03,  0.47443483E-10,  0.91241992E-05,  0.12691353E-05,  0.65264911E+00,  0.85267844E+00,  0.72874913E+00,  0.69020998E+00,  0.49465155E+01,  0.52488431E+02,  0.37616789E+03,  0.27292630E-03,  0.19559760E-02,  0.13469226E+02,  0.13816537E+02,  0.96529662E+02,  0.11943290E+04,  0.13012860E+04,  0.85593765E+04,  0.63590278E-02, -0.11069797E+04,  0.45573130E-01, -0.70004980E+07, -0.67467055E+07, -0.14697690E+09,  0.37759889E+09,  0.28715280E+11,  0.14931205E+06,  0.46886868E-04,  0.44265695E-04,  0.10592145E+01, -0.10000000E+01, -0.10000000E+01,
T, T, F, T, F, F,  0.20000000E+01,  0.00000000E+00,  0.26770659E+01,  0.18078095E+01,  0.14833780E+01,  0.44435066E-01,  0.10440245E+03,  0.18971809E+03,  0.15834823E+03,  0.47260563E-10,  0.92196092E-05,  0.12674358E-05,  0.65251542E+00,  0.86842725E+00,  0.72698847E+00,  0.69074089E+00,  0.49503204E+01,  0.52691585E+02,  0.37762384E+03,  0.27010190E-03,  0.19357345E-02,  0.13475554E+02,  0.13822191E+02,  0.96575010E+02,  0.11994000E+04,  0.13035167E+04,  0.85957184E+04,  0.62958403E-02, -0.11135102E+04,  0.45120286E-01, -0.70266211E+07, -0.67497933E+07, -0.13613322E+09,  0.37788933E+09,  0.28826421E+11,  0.14776688E+06,  0.13594043E-04,  0.39284405E-04,  0.34604173E+00, -0.10000000E+01, -0.10000000E+01,
T, T, F, T, F, F,  0.20000000E+01,  0.00000000E+00,  0.26770659E+01,  0.18457287E+01,  0.15097773E+01,  0.44435066E-01,  0.10436937E+03,  0.16000000E+03,  0.15831965E+03,  0.47203390E-10,  0.92423604E-05,  0.12666700E-05,  0.65230858E+00,  0.87225510E+00,  0.72650752E+00,  0.69101663E+00,  0.49522965E+01,  0.52755405E+02,  0.37808122E+03,  0.26943701E-03,  0.19309694E-02,  0.13481288E+02,  0.13820809E+02,  0.96616102E+02,  0.12009937E+04,  0.13042124E+04,  0.86071402E+04,  0.62799588E-02, -0.11155538E+04,  0.45006468E-01, -0.70029624E+07, -0.67529871E+07, -0.38957909E+08,  0.37804019E+09,  0.28861336E+11,  0.14740314E+06,  0.64467767E-05,  0.13848574E-04,  0.46551918E+00, -0.10000000E+01, -0.10000000E+01,
T, T, F, T, F, F,  0.20000000E+01,  0.00000000E+00,  0.26770659E+01,  0.18504548E+01,  0.15152793E+01,  0.44435066E-01,  0.10437873E+03,  0.17871984E+03,  0.15833629E+03,  0.47202132E-10,  0.92196545E-05,  0.12668227E-05,  0.65236707E+00,  0.87335116E+00,  0.72659610E+00,  0.69099243E+00,  0.49521231E+01,  0.52756811E+02,  0.37809129E+03,  0.27010057E-03,  0.19357249E-02,  0.13480393E+02,  0.13821275E+02,  0.96609693E+02,  0.12010287E+04,  0.13042281E+04,  0.86073910E+04,  0.62955501E-02, -0.11156007E+04,  0.45118206E-01, -0.70263338E+07, -0.67520752E+07, -0.10689343E+09,  0.37802695E+09,  0.28862105E+11,  0.14776616E+06,  0.44775912E-05,  0.99563427E-05,  0.44972248E+00, -0.10000000E+01, -0.10000000E+01,
T, T, F, T, F, F,  0.20000000E+01,  0.00000000E+00,  0.26770659E+01,  0.18526069E+01,  0.15176557E+01,  0.44435066E-01,  0.10437534E+03,  0.16000000E+03,  0.15831733E+03,  0.47199663E-10,  0.92264437E-05,  0.12665861E-05,  0.65234590E+00,  0.87297774E+00,  0.72663170E+00,  0.69101901E+00,  0.49523136E+01,  0.52759571E+02,  0.37811107E+03,  0.26990182E-03,  0.19343005E-02,  0.13481410E+02,  0.13820463E+02,  0.96616981E+02,  0.12010976E+04,  0.13042589E+04,  0.86078850E+04,  0.62908548E-02, -0.11156902E+04,  0.45084557E-01, -0.70040044E+07, -0.67530964E+07, -0.36695850E+08,  0.37804149E+09,  0.28863615E+11,  0.14765742E+06,  0.25452266E-05,  0.51204975E-05,  0.49706627E+00, -0.10000000E+01, -0.10000000E+01,
T, T, F, T, F, F,  0.20000000E+01,  0.00000000E+00,  0.26770659E+01,  0.18527682E+01,  0.15175199E+01,  0.44435066E-01,  0.10437655E+03,  0.16000000E+03,  0.15832311E+03,  0.47197914E-10,  0.92253236E-05,  0.12666403E-05,  0.65235346E+00,  0.87305482E+00,  0.72658038E+00,  0.69101898E+00,  0.49523133E+01,  0.52761526E+02,  0.37812509E+03,  0.26993459E-03,  0.19345354E-02,  0.13481226E+02,  0.13820756E+02,  0.96615663E+02,  0.12011464E+04,  0.13042800E+04,  0.86082345E+04,  0.62916473E-02, -0.11157529E+04,  0.45090236E-01, -0.70088936E+07, -0.67528107E+07, -0.42123375E+08,  0.37804147E+09,  0.28864685E+11,  0.14767535E+06,  0.13009541E-05,  0.26552053E-05,  0.48996366E+00, -0.10000000E+01, -0.10000000E+01,
T, T, F, T, F, F,  0.20000000E+01,  0.00000000E+00,  0.26770659E+01,  0.18531001E+01,  0.15177672E+01,  0.44435066E-01,  0.10437579E+03,  0.16000000E+03,  0.15831952E+03,  0.47200639E-10,  0.92234184E-05,  0.12666156E-05,  0.65234868E+00,  0.87306889E+00,  0.72663649E+00,  0.69101414E+00,  0.49522787E+01,  0.52758480E+02,  0.37810326E+03,  0.26999035E-03,  0.19349350E-02,  0.13481350E+02,  0.13820415E+02,  0.96616548E+02,  0.12010705E+04,  0.13042471E+04,  0.86076901E+04,  0.62929455E-02, -0.11156553E+04,  0.45099540E-01, -0.70060623E+07, -0.67530248E+07, -0.36708894E+08,  0.37803883E+09,  0.28863018E+11,  0.14770585E+06,  0.85175488E-06,  0.12024619E-05,  0.70834249E+00, -0.10000000E+01, -0.10000000E+01,
T, T, F, T, F, F,  0.20000000E+01,  0.00000000E+00,  0.26770659E+01,  0.18526933E+01,  0.15175568E+01,  0.44435066E-01,  0.10437721E+03,  0.16000000E+03,  0.15832030E+03,  0.49250576E-10,  0.75716272E-05,  0.12663581E-05,  0.65235754E+00,  0.87299325E+00,  0.72666306E+00,  0.68565505E+00,  0.49138718E+01,  0.50562535E+02,  0.36236561E+03,  0.32889020E-03,  0.23570515E-02,  0.13352663E+02,  0.13998145E+02,  0.95694288E+02,  0.11539599E+04,  0.12796191E+04,  0.82700640E+04,  0.74648262E-02, -0.10442826E+04,  0.53498036E-01, -0.69003045E+07, -0.66504493E+07, -0.36126970E+08,  0.37510698E+09,  0.27661664E+11,  0.17992868E+06,  0.18739631E-03,  0.12106706E-05,  0.15478720E+03, -0.10000000E+01, -0.10000000E+01,
T, T, F, T, F, F,  0.20000000E+01,  0.00000000E+00,  0.26770659E+01,  0.20790677E+01,  0.89881973E+00,  0.58422766E-01,  0.10434914E+03,  0.23854416E+03,  0.15839797E+03,  0.51450877E-10,  0.79118738E-05,  0.12672309E-05,  0.65218464E+00,  0.13474669E+01,  0.77006123E+00,  0.69725138E+00,  0.49969790E+01,  0.48400224E+02,  0.34686902E+03,  0.31474642E-03,  0.22556875E-02,  0.13491113E+02,  0.14472377E+02,  0.96686516E+02,  0.11102419E+04,  0.12541316E+04,  0.79567510E+04,  0.71435518E-02, -0.97238912E+03,  0.51195564E-01, -0.79656630E+07, -0.65596149E+07, -0.50892943E+09,  0.38145108E+09,  0.26478711E+11,  0.17219093E+06,  0.72850958E-04,  0.18739631E-03,  0.38875344E+00, -0.10000000E+01, -0.10000000E+01,
T, T, F, T, F, F,  0.20000000E+01,  0.00000000E+00,  0.26770659E+01,  0.15083251E+01,  0.84704332E+00,  0.62341734E-01,  0.10439045E+03,  0.16000000E+03,  0.15773935E+03,  0.50131251E-10,  0.77162997E-05,  0.12524042E-05,  0.65244073E+00,  0.96959569E+00,  0.74679327E+00,  0.68591538E+00,  0.49157375E+01,  0.49674284E+02,  0.35599980E+03,  0.32272385E-03,  0.23128592E-02,  0.13328134E+02,  0.14204704E+02,  0.95518498E+02,  0.11360315E+04,  0.12692983E+04,  0.81415763E+04,  0.73247511E-02, -0.10149286E+04,  0.52494162E-01, -0.72314608E+07, -0.66177409E+07, -0.63513183E+08,  0.37524941E+09,  0.27175721E+11,  0.17655521E+06,  0.78542173E-04,  0.72850958E-04,  0.10781213E+01, -0.10000000E+01, -0.10000000E+01,
T, T, F, T, F, F,  0.20000000E+01,  0.00000000E+00,  0.26770659E+01,  0.14503397E+01,  0.88830901E+00,  0.62703485E-01,  0.10435276E+03,  0.22139327E+03,  0.15790378E+03,  0.50673613E-10,  0.77936782E-05,  0.12554100E-05,  0.65220525E+00,  0.10442057E+01,  0.75212435E+00,  0.68836052E+00,  0.49332610E+01,  0.49142617E+02,  0.35218951E+03,  0.31951973E-03,  0.22898963E-02,  0.13361706E+02,  0.14218897E+02,  0.95759102E+02,  0.11252810E+04,  0.12630232E+04,  0.80645308E+04,  0.72519709E-02, -0.99724026E+03,  0.51972570E-01, -0.75045881E+07, -0.65950232E+07, -0.29640307E+09,  0.37658709E+09,  0.26884858E+11,  0.17480230E+06,  0.17491981E-04,  0.58168051E-04,  0.30071458E+00, -0.10000000E+01, -0.10000000E+01,
T, T, F, T, F, F,  0.20000000E+01,  0.00000000E+00,  0.26770659E+01,  0.14734194E+01,  0.87611820E+00,  0.62100567E-01,  0.10435363E+03,  0.18273058E+03,  0.15786980E+03,  0.50551335E-10,  0.77707039E-05,  0.12548425E-05,  0.65249513E+00,  0.10185833E+01,  0.75146735E+00,  0.68745972E+00,  0.49268053E+01,  0.49261487E+02,  0.35304142E+03,  0.32046440E-03,  0.22966665E-02,  0.13349777E+02,  0.14162478E+02,  0.95673608E+02,  0.11276877E+04,  0.12644369E+04,  0.80817791E+04,  0.72734258E-02, -0.10012106E+04,  0.52126331E-01, -0.73636129E+07, -0.66008144E+07, -0.11398167E+09,  0.37609428E+09,  0.26949889E+11,  0.17531911E+06,  0.78699473E-05,  0.98415050E-05,  0.79966909E+00, -0.10000000E+01, -0.10000000E+01,
T, T, F, T, F, F,  0.20000000E+01,  0.00000000E+00,  0.26770659E+01,  0.14688683E+01,  0.87694503E+00,  0.62100567E-01,  0.10434936E+03,  0.18870875E+03,  0.15787604E+03,  0.50572795E-10,  0.77758961E-05,  0.12548448E-05,  0.65255438E+00,  0.10206721E+01,  0.75092011E+00,  0.68775603E+00,  0.49289288E+01,  0.49240584E+02,  0.35289161E+03,  0.32025041E-03,  0.22951329E-02,  0.13355181E+02,  0.14186871E+02,  0.95712338E+02,  0.11272641E+04,  0.12641876E+04,  0.80787437E+04,  0.72685674E-02, -0.10005113E+04,  0.52091512E-01, -0.73881950E+07, -0.65997340E+07, -0.13010969E+09,  0.37625638E+09,  0.26938454E+11,  0.17520204E+06,  0.43110901E-05,  0.52647129E-05,  0.81886519E+00, -0.10000000E+01, -0.10000000E+01,
T, T, F, T, F, F,  0.20000000E+01,  0.00000000E+00,  0.26770659E+01,  0.14695346E+01,  0.67907671E+00,  0.62100567E-01,  0.10434783E+03,  0.17690124E+03,  0.15786324E+03,  0.49365944E-10,  0.75822024E-05,  0.12537175E-05,  0.65255863E+00,  0.10198467E+01,  0.75106053E+00,  0.68603732E+00,  0.49166114E+01,  0.50444371E+02,  0.36151877E+03,  0.32843148E-03,  0.23537640E-02,  0.13364336E+02,  0.14028306E+02,  0.95777949E+02,  0.11515791E+04,  0.12782613E+04,  0.82530010E+04,  0.74543851E-02, -0.10403992E+04,  0.53423208E-01, -0.74051515E+07, -0.66417537E+07, -0.10113356E+09,  0.37531611E+09,  0.27597019E+11,  0.17967773E+06,  0.15840939E-03,  0.27978199E-05,  0.56618866E+02, -0.10000000E+01, -0.10000000E+01,
T, T, F, T, F, F,  0.20000000E+01,  0.00000000E+00,  0.26770659E+01,  0.18329084E+01,  0.79008654E+00,  0.69817919E-01,  0.10434923E+03,  0.22839998E+03,  0.15800069E+03,  0.49131428E-10,  0.75487439E-05,  0.12602775E-05,  0.65223258E+00,  0.12587162E+01,  0.76977376E+00,  0.68485610E+00,  0.49081460E+01,  0.50685153E+02,  0.36324438E+03,  0.32988720E-03,  0.23641967E-02,  0.13365930E+02,  0.13912598E+02,  0.95789368E+02,  0.11564302E+04,  0.12810243E+04,  0.82877677E+04,  0.74874497E-02, -0.10483076E+04,  0.53660172E-01, -0.85735349E+07, -0.66162967E+07, -0.36676918E+09,  0.37466990E+09,  0.27728746E+11,  0.18047412E+06,  0.69591074E-04,  0.15840939E-03,  0.43931155E+00, -0.10000000E+01, -0.10000000E+01,
T, T, F, T, F, F,  0.20000000E+01,  0.00000000E+00,  0.26770659E+01,  0.17527097E+01,  0.91791291E+00,  0.71566381E-01,  0.10434800E+03,  0.18124947E+03,  0.15752392E+03,  0.48671834E-10,  0.74557083E-05,  0.12476373E-05,  0.65217498E+00,  0.11387038E+01,  0.75973754E+00,  0.68642298E+00,  0.49193752E+01,  0.51163758E+02,  0.36667439E+03,  0.33400367E-03,  0.23936981E-02,  0.13405419E+02,  0.13879858E+02,  0.96072377E+02,  0.11660730E+04,  0.12864929E+04,  0.83568748E+04,  0.75809217E-02, -0.10640078E+04,  0.54330056E-01, -0.78044109E+07, -0.66405361E+07, -0.11102836E+09,  0.37552710E+09,  0.27990581E+11,  0.18272615E+06,  0.47857857E-04,  0.69591074E-04,  0.68770108E+00, -0.10000000E+01, -0.10000000E+01,
T, T, F, T, F, F,  0.20000000E+01,  0.00000000E+00,  0.26770659E+01,  0.18100637E+01,  0.94277116E+00,  0.71988424E-01,  0.10434921E+03,  0.19513098E+03,  0.15757369E+03,  0.48760118E-10,  0.74681697E-05,  0.12489118E-05,  0.65218268E+00,  0.11625282E+01,  0.75831389E+00,  0.68616755E+00,  0.49175447E+01,  0.51071123E+02,  0.36601050E+03,  0.33344636E-03,  0.23897040E-02,  0.13399625E+02,  0.13880558E+02,  0.96030854E+02,  0.11642065E+04,  0.12854357E+04,  0.83434977E+04,  0.75682755E-02, -0.10609703E+04,  0.54239424E-01, -0.79267176E+07, -0.66401261E+07, -0.15165737E+09,  0.37538736E+09,  0.27939902E+11,  0.18242126E+06,  0.10773359E-04,  0.23430493E-04,  0.45980076E+00, -0.10000000E+01, -0.10000000E+01,
T, T, F, T, F, F,  0.20000000E+01,  0.00000000E+00,  0.26770659E+01,  0.18069746E+01,  0.88064465E+00,  0.71988424E-01,  0.10434783E+03,  0.18531136E+03,  0.15755127E+03,  0.49228382E-10,  0.75639516E-05,  0.12465172E-05,  0.65220983E+00,  0.11594764E+01,  0.75889896E+00,  0.68717851E+00,  0.49247899E+01,  0.50585331E+02,  0.36252898E+03,  0.32922394E-03,  0.23594433E-02,  0.13389959E+02,  0.14043463E+02,  0.95961577E+02,  0.11544201E+04,  0.12798818E+04,  0.82733620E+04,  0.74723865E-02, -0.10450355E+04,  0.53552219E-01, -0.78858048E+07, -0.66422303E+07, -0.12139101E+09,  0.37594043E+09,  0.27674135E+11,  0.18011127E+06,  0.15138218E-03,  0.12121348E-04,  0.12488890E+02, -0.10000000E+01, -0.10000000E+01,
T, T, F, T, F, F,  0.20000000E+01,  0.00000000E+00,  0.26770659E+01,  0.16450759E+01,  0.89344874E+00,  0.78138189E-01,  0.10434801E+03,  0.21130829E+03,  0.15753368E+03,  0.49526936E-10,  0.76368500E-05,  0.12425982E-05,  0.65217670E+00,  0.13068458E+01,  0.76410042E+00,  0.69242371E+00,  0.49623806E+01,  0.50280396E+02,  0.36034361E+03,  0.32608130E-03,  0.23369210E-02,  0.13444420E+02,  0.14152967E+02,  0.96351885E+02,  0.11482666E+04,  0.12763539E+04,  0.82292618E+04,  0.74010456E-02, -0.10349737E+04,  0.53040941E-01, -0.86934547E+07, -0.66477835E+07, -0.22641979E+09,  0.37880997E+09,  0.27507312E+11,  0.17839199E+06,  0.50085189E-04,  0.15138218E-03,  0.33085260E+00, -0.10000000E+01, -0.10000000E+01,
T, T, F, T, F, F,  0.20000000E+01,  0.00000000E+00,  0.26770659E+01,  0.14205757E+01,  0.10683769E+01,  0.79283733E-01,  0.10434945E+03,  0.20364464E+03,  0.15744625E+03,  0.49295604E-10,  0.75873153E-05,  0.12416088E-05,  0.65220662E+00,  0.12817592E+01,  0.76506744E+00,  0.69072752E+00,  0.49502246E+01,  0.50516349E+02,  0.36203461E+03,  0.32821016E-03,  0.23521779E-02,  0.13432691E+02,  0.14165102E+02,  0.96267826E+02,  0.11530249E+04,  0.12790769E+04,  0.82633629E+04,  0.74493869E-02, -0.10427468E+04,  0.53387387E-01, -0.86138102E+07, -0.66594741E+07, -0.18659698E+09,  0.37788202E+09,  0.27636397E+11,  0.17955665E+06,  0.35734581E-04,  0.50085189E-04,  0.71347601E+00, -0.10000000E+01, -0.10000000E+01,
T, T, F, T, F, F,  0.20000000E+01,  0.00000000E+00,  0.26770659E+01,  0.14103504E+01,  0.91606180E+00,  0.78982274E-01,  0.10434785E+03,  0.20531900E+03,  0.15741778E+03,  0.49177055E-10,  0.75648974E-05,  0.12431500E-05,  0.65221013E+00,  0.12856822E+01,  0.76385911E+00,  0.68827920E+00,  0.49326782E+01,  0.50638127E+02,  0.36290736E+03,  0.32918278E-03,  0.23591483E-02,  0.13413547E+02,  0.14079545E+02,  0.96130625E+02,  0.11554811E+04,  0.12804813E+04,  0.82809654E+04,  0.74714457E-02, -0.10467575E+04,  0.53545476E-01, -0.86037406E+07, -0.66351076E+07, -0.19382282E+09,  0.37654260E+09,  0.27703019E+11,  0.18008875E+06,  0.14894288E-03,  0.10012297E-04,  0.14875995E+02, -0.10000000E+01, -0.10000000E+01,
T, T, F, T, F, F,  0.20000000E+01,  0.00000000E+00,  0.26770659E+01,  0.14975396E+01,  0.80539542E+00,  0.86759918E-01,  0.10434889E+03,  0.21829577E+03,  0.15737743E+03,  0.49109002E-10,  0.75421874E-05,  0.12440382E-05,  0.65234654E+00,  0.13680213E+01,  0.77676032E+00,  0.68738248E+00,  0.49262517E+01,  0.50708299E+02,  0.36341026E+03,  0.33017397E-03,  0.23662519E-02,  0.13419176E+02,  0.14000425E+02,  0.96170970E+02,  0.11568988E+04,  0.12812933E+04,  0.82911257E+04,  0.74939223E-02, -0.10490746E+04,  0.53706559E-01, -0.92993997E+07, -0.66074987E+07, -0.27195349E+09,  0.37605202E+09,  0.27741409E+11,  0.18063101E+06,  0.52157884E-04,  0.14894288E-03,  0.35018715E+00, -0.10000000E+01, -0.10000000E+01,
T, T, F, T, F, F,  0.20000000E+01,  0.00000000E+00,  0.26770659E+01,  0.14038653E+01,  0.77479248E+00,  0.88146630E-01,  0.10434789E+03,  0.21822195E+03,  0.15738104E+03,  0.49167883E-10,  0.75488360E-05,  0.12467445E-05,  0.65228131E+00,  0.13535615E+01,  0.77693181E+00,  0.68758542E+00,  0.49277061E+01,  0.50647574E+02,  0.36297506E+03,  0.32988317E-03,  0.23641678E-02,  0.13424392E+02,  0.14012726E+02,  0.96208351E+02,  0.11556696E+04,  0.12805840E+04,  0.82823166E+04,  0.74873141E-02, -0.10470582E+04,  0.53659199E-01, -0.93742900E+07, -0.66038861E+07, -0.27124428E+09,  0.37616305E+09,  0.27708187E+11,  0.18047192E+06,  0.34842395E-04,  0.52157884E-04,  0.66801780E+00, -0.10000000E+01, -0.10000000E+01,
T, T, F, T, F, F,  0.20000000E+01,  0.00000000E+00,  0.26770659E+01,  0.14103181E+01,  0.82995862E+00,  0.88206922E-01,  0.10434797E+03,  0.21699043E+03,  0.15731773E+03,  0.49087137E-10,  0.75485546E-05,  0.12406865E-05,  0.65218199E+00,  0.13599749E+01,  0.77715463E+00,  0.68967605E+00,  0.49426890E+01,  0.50730886E+02,  0.36357213E+03,  0.32989547E-03,  0.23642559E-02,  0.13442835E+02,  0.14114523E+02,  0.96340522E+02,  0.11573450E+04,  0.12815310E+04,  0.82943239E+04,  0.74876156E-02, -0.10497826E+04,  0.53661360E-01, -0.93434708E+07, -0.66389368E+07, -0.26350875E+09,  0.37730678E+09,  0.27753766E+11,  0.18047864E+06,  0.14959917E-03,  0.81895705E-05,  0.18267034E+02, -0.10000000E+01, -0.10000000E+01,
T, T, F, T, F, F,  0.20000000E+01,  0.00000000E+00,  0.26770659E+01,  0.14073044E+01,  0.71263169E+00,  0.94718437E-01,  0.10434870E+03,  0.22512319E+03,  0.15727180E+03,  0.48842020E-10,  0.75209583E-05,  0.12340962E-05,  0.65221774E+00,  0.14123124E+01,  0.78994855E+00,  0.69372103E+00,  0.49716781E+01,  0.50985483E+02,  0.36539675E+03,  0.33110594E-03,  0.23729310E-02,  0.13499881E+02,  0.14212122E+02,  0.96749358E+02,  0.11624724E+04,  0.12844363E+04,  0.83310704E+04,  0.75151248E-02, -0.10581199E+04,  0.53858510E-01, -0.10134874E+08, -0.66784529E+07, -0.33495197E+09,  0.37951971E+09,  0.27893050E+11,  0.18114087E+06,  0.50476475E-04,  0.14959917E-03,  0.33741147E+00, -0.10000000E+01, -0.10000000E+01,
T, T, F, T, F, F,  0.20000000E+01,  0.00000000E+00,  0.26770659E+01,  0.13860317E+01,  0.81376109E+00,  0.95200772E-01,  0.10434790E+03,  0.22374110E+03,  0.15730863E+03,  0.49049335E-10,  0.75449617E-05,  0.12376676E-05,  0.65217438E+00,  0.14037719E+01,  0.79039741E+00,  0.69358452E+00,  0.49706998E+01,  0.50769984E+02,  0.36385234E+03,  0.33005256E-03,  0.23653818E-02,  0.13495968E+02,  0.14236348E+02,  0.96721314E+02,  0.11581233E+04,  0.12819555E+04,  0.82999018E+04,  0.74911881E-02, -0.10510250E+04,  0.53686963E-01, -0.10258586E+08, -0.66724916E+07, -0.32116146E+09,  0.37944503E+09,  0.27775155E+11,  0.18056459E+06,  0.24968286E-04,  0.50476475E-04,  0.49465194E+00, -0.10000000E+01, -0.10000000E+01,
T, T, F, T, F, F,  0.20000000E+01,  0.00000000E+00,  0.26770659E+01,  0.13889939E+01,  0.86454060E+00,  0.96044857E-01,  0.10434829E+03,  0.22469522E+03,  0.15726316E+03,  0.49013216E-10,  0.75384829E-05,  0.12386451E-05,  0.65219648E+00,  0.14096840E+01,  0.79131711E+00,  0.69113462E+00,  0.49531421E+01,  0.50807398E+02,  0.36412047E+03,  0.33033622E-03,  0.23674147E-02,  0.13470764E+02,  0.14155978E+02,  0.96540682E+02,  0.11588754E+04,  0.12823804E+04,  0.83052917E+04,  0.74976252E-02, -0.10522445E+04,  0.53733096E-01, -0.10161843E+08, -0.66441742E+07, -0.32899207E+09,  0.37810474E+09,  0.27795624E+11,  0.18071977E+06,  0.14821524E-03,  0.81375010E-05,  0.18213853E+02, -0.10000000E+01, -0.10000000E+01,
T, T, F, T, F, F,  0.20000000E+01,  0.00000000E+00,  0.26770659E+01,  0.13874611E+01,  0.63663912E+00,  0.10539009E+00,  0.10434871E+03,  0.23004604E+03,  0.15720869E+03,  0.48824839E-10,  0.75509960E-05,  0.12368670E-05,  0.65218086E+00,  0.14447514E+01,  0.80292343E+00,  0.69134953E+00,  0.49546823E+01,  0.51003424E+02,  0.36552533E+03,  0.32978881E-03,  0.23634915E-02,  0.13488100E+02,  0.14118224E+02,  0.96664928E+02,  0.11628243E+04,  0.12846160E+04,  0.83335923E+04,  0.75246773E-02, -0.10586666E+04,  0.53926970E-01, -0.10891726E+08, -0.66323516E+07, -0.38717199E+09,  0.37822231E+09,  0.27902865E+11,  0.18042029E+06,  0.52426709E-04,  0.14821524E-03,  0.35372009E+00, -0.10000000E+01, -0.10000000E+01,
T, T, F, T, F, F,  0.20000000E+01,  0.00000000E+00,  0.26770659E+01,  0.13730151E+01,  0.75095557E+00,  0.10822380E+00,  0.10434797E+03,  0.22931595E+03,  0.15728516E+03,  0.49051451E-10,  0.77388863E-05,  0.12419866E-05,  0.65220673E+00,  0.14403196E+01,  0.80406616E+00,  0.69107609E+00,  0.49527226E+01,  0.50767794E+02,  0.36383664E+03,  0.32178196E-03,  0.23061090E-02,  0.13483485E+02,  0.14133543E+02,  0.96631853E+02,  0.11580634E+04,  0.12818925E+04,  0.82994722E+04,  0.74917345E-02, -0.10508839E+04,  0.53690880E-01, -0.11092912E+08, -0.66217441E+07, -0.37774106E+09,  0.37807271E+09,  0.27773957E+11,  0.17603992E+06,  0.29817074E-04,  0.52426709E-04,  0.56873825E+00, -0.10000000E+01, -0.10000000E+01,
T, T, F, T, F, F,  0.20000000E+01,  0.00000000E+00,  0.26770659E+01,  0.13730785E+01,  0.76681978E+00,  0.10828410E+00,  0.10434785E+03,  0.22959596E+03,  0.15722351E+03,  0.48924233E-10,  0.75260045E-05,  0.12367101E-05,  0.65220622E+00,  0.14420309E+01,  0.80446045E+00,  0.69280407E+00,  0.49651065E+01,  0.50899806E+02,  0.36478273E+03,  0.33088393E-03,  0.23713399E-02,  0.13501379E+02,  0.14204367E+02,  0.96760093E+02,  0.11607268E+04,  0.12834119E+04,  0.83185597E+04,  0.75100918E-02, -0.10552322E+04,  0.53822441E-01, -0.11050027E+08, -0.66525209E+07, -0.38285885E+09,  0.37901806E+09,  0.27846178E+11,  0.18101941E+06,  0.14576579E-03,  0.91492734E-05,  0.15931953E+02, -0.10000000E+01, -0.10000000E+01,
T, T, F, T, F, F,  0.20000000E+01,  0.00000000E+00,  0.26770659E+01,  0.13713030E+01,  0.68665292E+00,  0.11594116E+00,  0.10434788E+03,  0.23352358E+03,  0.15715766E+03,  0.48656284E-10,  0.74983527E-05,  0.12302352E-05,  0.65222693E+00,  0.14684311E+01,  0.81288324E+00,  0.69658246E+00,  0.49921851E+01,  0.51180110E+02,  0.36679158E+03,  0.33210414E-03,  0.23800848E-02,  0.13553387E+02,  0.14303489E+02,  0.97132819E+02,  0.11663713E+04,  0.12866040E+04,  0.83590125E+04,  0.75378327E-02, -0.10644106E+04,  0.54021251E-01, -0.11859076E+08, -0.66881915E+07, -0.43699768E+09,  0.38108513E+09,  0.27999526E+11,  0.18168696E+06,  0.51060441E-04,  0.14576579E-03,  0.35029097E+00, -0.10000000E+01, -0.10000000E+01,
T, T, F, T, F, F,  0.20000000E+01,  0.00000000E+00,  0.26770659E+01,  0.13515396E+01,  0.72641795E+00,  0.11829254E+00,  0.10434806E+03,  0.23345828E+03,  0.15724595E+03,  0.48859478E-10,  0.75319594E-05,  0.12347480E-05,  0.65221826E+00,  0.14681105E+01,  0.81416383E+00,  0.69651563E+00,  0.49917061E+01,  0.50967265E+02,  0.36526619E+03,  0.33062233E-03,  0.23694651E-02,  0.13549791E+02,  0.14332833E+02,  0.97107042E+02,  0.11620752E+04,  0.12841574E+04,  0.83282237E+04,  0.75041960E-02, -0.10574003E+04,  0.53780187E-01, -0.12108609E+08, -0.66805996E+07, -0.43555954E+09,  0.38104857E+09,  0.27883084E+11,  0.18087629E+06,  0.26218389E-04,  0.51060441E-04,  0.51347753E+00, -0.10000000E+01, -0.10000000E+01,
T, T, F, T, F, F,  0.20000000E+01,  0.00000000E+00,  0.26770659E+01,  0.13513842E+01,  0.71092667E+00,  0.11859399E+00,  0.10434809E+03,  0.23327414E+03,  0.15719337E+03,  0.48797236E-10,  0.75214645E-05,  0.12345336E-05,  0.65218787E+00,  0.14669022E+01,  0.81447603E+00,  0.69476656E+00,  0.49791710E+01,  0.51032275E+02,  0.36573209E+03,  0.33108366E-03,  0.23727713E-02,  0.13533951E+02,  0.14266554E+02,  0.96993526E+02,  0.11633825E+04,  0.12848937E+04,  0.83375925E+04,  0.75146699E-02, -0.10595235E+04,  0.53855250E-01, -0.11992376E+08, -0.66602867E+07, -0.43160130E+09,  0.38009169E+09,  0.27918649E+11,  0.18112868E+06,  0.14341058E-03,  0.81212750E-05,  0.17658628E+02, -0.10000000E+01, -0.10000000E+01,
T, T, F, T, F, F,  0.20000000E+01,  0.00000000E+00,  0.26770659E+01,  0.13466127E+01,  0.69420138E+00,  0.12335705E+00,  0.10434785E+03,  0.23625106E+03,  0.15712434E+03,  0.48564811E-10,  0.74916313E-05,  0.12311421E-05,  0.65221857E+00,  0.14874302E+01,  0.81972481E+00,  0.69573466E+00,  0.49861091E+01,  0.51276509E+02,  0.36748244E+03,  0.33240210E-03,  0.23822202E-02,  0.13560184E+02,  0.14256834E+02,  0.97181529E+02,  0.11683019E+04,  0.12876731E+04,  0.83728480E+04,  0.75446246E-02, -0.10675147E+04,  0.54069926E-01, -0.12758264E+08, -0.66587394E+07, -0.47695178E+09,  0.38062132E+09,  0.28052264E+11,  0.18184997E+06,  0.51199329E-04,  0.14341058E-03,  0.35701223E+00, -0.10000000E+01, -0.10000000E+01,
T, T, F, T, F, F,  0.20000000E+01,  0.00000000E+00,  0.26770659E+01,  0.13255724E+01,  0.75074690E+00,  0.12540697E+00,  0.10434783E+03,  0.23585722E+03,  0.15722871E+03,  0.48841618E-10,  0.75264340E-05,  0.12362508E-05,  0.65220793E+00,  0.14850987E+01,  0.82053786E+00,  0.69539494E+00,  0.49836745E+01,  0.50985902E+02,  0.36539975E+03,  0.33086505E-03,  0.23712046E-02,  0.13551727E+02,  0.14279565E+02,  0.97120919E+02,  0.11624400E+04,  0.12843464E+04,  0.83308378E+04,  0.75097296E-02, -0.10579706E+04,  0.53819844E-01, -0.13057752E+08, -0.66504137E+07, -0.46998019E+09,  0.38043547E+09,  0.27893279E+11,  0.18100908E+06,  0.25594492E-04,  0.51199329E-04,  0.49989896E+00, -0.10000000E+01, -0.10000000E+01,
T, T, F, T, F, F,  0.20000000E+01,  0.00000000E+00,  0.26770659E+01,  0.13330058E+01,  0.71608830E+00,  0.12480405E+00,  0.10434830E+03,  0.23619140E+03,  0.15716713E+03,  0.48702484E-10,  0.75101357E-05,  0.12321358E-05,  0.65218688E+00,  0.14871494E+01,  0.82071816E+00,  0.69662618E+00,  0.49924984E+01,  0.51131560E+02,  0.36644363E+03,  0.33158309E-03,  0.23763506E-02,  0.13564927E+02,  0.14326644E+02,  0.97215519E+02,  0.11653759E+04,  0.12860132E+04,  0.83518788E+04,  0.75260487E-02, -0.10627537E+04,  0.53936799E-01, -0.13000800E+08, -0.66719607E+07, -0.47692232E+09,  0.38110905E+09,  0.27972966E+11,  0.18140190E+06,  0.13984283E-03,  0.75850960E-05,  0.18436527E+02, -0.10000000E+01, -0.10000000E+01,
T, T, F, T, F, F,  0.20000000E+01,  0.00000000E+00,  0.26770659E+01,  0.13314683E+01,  0.72818728E+00,  0.13282286E+00,  0.10434800E+03,  0.23854417E+03,  0.15708344E+03,  0.48453654E-10,  0.74807773E-05,  0.12262853E-05,  0.65217545E+00,  0.15039602E+01,  0.82804325E+00,  0.69989205E+00,  0.50159038E+01,  0.51394142E+02,  0.36832547E+03,  0.33288439E-03,  0.23856766E-02,  0.13610231E+02,  0.14423157E+02,  0.97540195E+02,  0.11706648E+04,  0.12890018E+04,  0.83897823E+04,  0.75556039E-02, -0.10713517E+04,  0.54148611E-01, -0.13830649E+08, -0.67018216E+07, -0.51996274E+09,  0.38289574E+09,  0.28116618E+11,  0.18211382E+06,  0.49916407E-04,  0.13984283E-03,  0.35694649E+00, -0.10000000E+01, -0.10000000E+01,
T, T, F, T, F, F,  0.20000000E+01,  0.00000000E+00,  0.26770659E+01,  0.13229346E+01,  0.75339258E+00,  0.13445074E+00,  0.10434857E+03,  0.23859247E+03,  0.15719674E+03,  0.48667110E-10,  0.75128522E-05,  0.12311945E-05,  0.65218186E+00,  0.15043345E+01,  0.82918955E+00,  0.69981168E+00,  0.50153278E+01,  0.51168725E+02,  0.36670999E+03,  0.33146319E-03,  0.23754913E-02,  0.13607289E+02,  0.14444229E+02,  0.97519112E+02,  0.11661216E+04,  0.12864362E+04,  0.83572226E+04,  0.75233514E-02, -0.10639679E+04,  0.53917468E-01, -0.14174464E+08, -0.66959392E+07, -0.52039563E+09,  0.38285177E+09,  0.27993298E+11,  0.18133631E+06,  0.23309975E-04,  0.49916407E-04,  0.46698023E+00, -0.10000000E+01, -0.10000000E+01,
T, T, F, T, F, F,  0.20000000E+01,  0.00000000E+00,  0.26770659E+01,  0.13282498E+01,  0.71044984E+00,  0.13505366E+00,  0.10435000E+03,  0.23850649E+03,  0.15713016E+03,  0.48565689E-10,  0.74951645E-05,  0.12293244E-05,  0.65218749E+00,  0.15037508E+01,  0.82983677E+00,  0.69882705E+00,  0.50082713E+01,  0.51275582E+02,  0.36747579E+03,  0.33224540E-03,  0.23810972E-02,  0.13602105E+02,  0.14393537E+02,  0.97481962E+02,  0.11682704E+04,  0.12876448E+04,  0.83726223E+04,  0.75411053E-02, -0.10674537E+04,  0.54044704E-01, -0.14056512E+08, -0.66872641E+07, -0.51814206E+09,  0.38231310E+09,  0.28051757E+11,  0.18176424E+06,  0.13622096E-03,  0.71953342E-05,  0.18931846E+02, -0.10000000E+01, -0.10000000E+01,
T, T, F, T, F, F,  0.20000000E+01,  0.00000000E+00,  0.26770659E+01,  0.13280541E+01,  0.73892318E+00,  0.14271072E+00,  0.10434794E+03,  0.24040869E+03,  0.15703811E+03,  0.48317327E-10,  0.74520987E-05,  0.12245279E-05,  0.65225554E+00,  0.15188785E+01,  0.83473255E+00,  0.70056556E+00,  0.50207306E+01,  0.51539150E+02,  0.36936470E+03,  0.33416545E-03,  0.23948576E-02,  0.13641067E+02,  0.14403664E+02,  0.97761191E+02,  0.11735684E+04,  0.12906144E+04,  0.84105917E+04,  0.75846708E-02, -0.10760382E+04,  0.54356924E-01, -0.14882073E+08, -0.66986056E+07, -0.55565418E+09,  0.38326420E+09,  0.28195949E+11,  0.18281466E+06,  0.51927386E-04,  0.13622096E-03,  0.38119968E+00, -0.10000000E+01, -0.10000000E+01,
T, T, F, T, F, F,  0.20000000E+01,  0.00000000E+00,  0.26770659E+01,  0.13230979E+01,  0.75810405E+00,  0.14331364E+00,  0.10434785E+03,  0.24015385E+03,  0.15714951E+03,  0.48581983E-10,  0.74953831E-05,  0.12298007E-05,  0.65217523E+00,  0.15236677E+01,  0.83550489E+00,  0.70009524E+00,  0.50173600E+01,  0.51258384E+02,  0.36735254E+03,  0.33223571E-03,  0.23810277E-02,  0.13628014E+02,  0.14425230E+02,  0.97667643E+02,  0.11679080E+04,  0.12874234E+04,  0.83700256E+04,  0.75408713E-02, -0.10668414E+04,  0.54043027E-01, -0.15226365E+08, -0.66884545E+07, -0.54970647E+09,  0.38300690E+09,  0.28042349E+11,  0.18175894E+06,  0.23370558E-04,  0.51927386E-04,  0.45006228E+00, -0.10000000E+01, -0.10000000E+01,
T, T, F, T, F, F,  0.20000000E+01,  0.00000000E+00,  0.26770659E+01,  0.13297330E+01,  0.78833645E+00,  0.14349451E+00,  0.10435006E+03,  0.24032697E+03,  0.15709424E+03,  0.48450079E-10,  0.74773276E-05,  0.12268036E-05,  0.65228527E+00,  0.15226154E+01,  0.83565705E+00,  0.70063105E+00,  0.50212000E+01,  0.51397934E+02,  0.36835265E+03,  0.33303796E-03,  0.23867772E-02,  0.13639805E+02,  0.14423272E+02,  0.97752143E+02,  0.11707144E+04,  0.12889981E+04,  0.83901381E+04,  0.75590772E-02, -0.10713894E+04,  0.54173503E-01, -0.15159954E+08, -0.66944470E+07, -0.55366338E+09,  0.38330002E+09,  0.28118693E+11,  0.18219784E+06,  0.51286058E-05,  0.69215668E-05,  0.74096023E+00, -0.10000000E+01, -0.10000000E+01,
T, T, F, T, F, F,  0.20000000E+01,  0.00000000E+00,  0.26770659E+01,  0.13248127E+01,  0.77894623E+00,  0.14355481E+00,  0.10434885E+03,  0.24031940E+03,  0.15709446E+03,  0.48465336E-10,  0.74799134E-05,  0.12271188E-05,  0.65228753E+00,  0.15221696E+01,  0.83530505E+00,  0.70061472E+00,  0.50210830E+01,  0.51381754E+02,  0.36823670E+03,  0.33292283E-03,  0.23859521E-02,  0.13638937E+02,  0.14425939E+02,  0.97745922E+02,  0.11703870E+04,  0.12888117E+04,  0.83877918E+04,  0.75564616E-02, -0.10708557E+04,  0.54154758E-01, -0.15145843E+08, -0.66939944E+07, -0.55347378E+09,  0.38329109E+09,  0.28109841E+11,  0.18213485E+06,  0.34726503E-05,  0.81850925E-05,  0.42426525E+00, -0.10000000E+01, -0.10000000E+01,
T, T, F, T, F, F,  0.20000000E+01,  0.00000000E+00,  0.26770659E+01,  0.13248615E+01,  0.78077186E+00,  0.14361510E+00,  0.10434886E+03,  0.24031430E+03,  0.15709539E+03,  0.48459388E-10,  0.74784610E-05,  0.12270198E-05,  0.65229169E+00,  0.15221350E+01,  0.83539508E+00,  0.70062531E+00,  0.50211589E+01,  0.51388061E+02,  0.36828189E+03,  0.33298749E-03,  0.23864155E-02,  0.13639506E+02,  0.14424342E+02,  0.97750006E+02,  0.11705143E+04,  0.12888840E+04,  0.83887041E+04,  0.75579307E-02, -0.10710631E+04,  0.54165287E-01, -0.15150873E+08, -0.66941913E+07, -0.55338750E+09,  0.38329689E+09,  0.28113292E+11,  0.18217022E+06,  0.21886403E-05,  0.21985289E-05,  0.99550218E+00, -0.10000000E+01, -0.10000000E+01,
T, T, F, T, F, F,  0.20000000E+01,  0.00000000E+00,  0.26770659E+01,  0.13247728E+01,  0.78008838E+00,  0.14367539E+00,  0.10434890E+03,  0.24031594E+03,  0.15709269E+03,  0.48460501E-10,  0.74788241E-05,  0.12270131E-05,  0.65229013E+00,  0.15220006E+01,  0.83538484E+00,  0.70061185E+00,  0.50210624E+01,  0.51386880E+02,  0.36827344E+03,  0.33297133E-03,  0.23862996E-02,  0.13639177E+02,  0.14424183E+02,  0.97747648E+02,  0.11704908E+04,  0.12888707E+04,  0.83885351E+04,  0.75575629E-02, -0.10710245E+04,  0.54162651E-01, -0.15142909E+08, -0.66941977E+07, -0.55342097E+09,  0.38328952E+09,  0.28112646E+11,  0.18216138E+06,  0.18157527E-05,  0.29898215E-05,  0.60731139E+00, -0.10000000E+01, -0.10000000E+01,
T, T, F, T, F, F,  0.20000000E+01,  0.00000000E+00,  0.26770659E+01,  0.13244823E+01,  0.78611709E+00,  0.14361510E+00,  0.10434886E+03,  0.24031506E+03,  0.15709572E+03,  0.48433895E-10,  0.74782002E-05,  0.12267607E-05,  0.65229107E+00,  0.15221630E+01,  0.83535898E+00,  0.70116637E+00,  0.50250365E+01,  0.51415108E+02,  0.36847573E+03,  0.33299910E-03,  0.23864987E-02,  0.13641717E+02,  0.14462638E+02,  0.97765846E+02,  0.11710521E+04,  0.12891757E+04,  0.83925583E+04,  0.75582077E-02, -0.10719215E+04,  0.54167272E-01, -0.15172157E+08, -0.67043226E+07, -0.55424041E+09,  0.38359289E+09,  0.28128089E+11,  0.18217657E+06,  0.13444206E-03,  0.20549948E-05,  0.65422093E+02, -0.10000000E+01, -0.10000000E+01,
T, T, F, T, F, F,  0.20000000E+01,  0.00000000E+00,  0.26770659E+01,  0.13292839E+01,  0.75614686E+00,  0.14982515E+00,  0.10434808E+03,  0.24194527E+03,  0.15697633E+03,  0.48175327E-10,  0.75181315E-05,  0.12205854E-05,  0.65218250E+00,  0.15406476E+01,  0.83994486E+00,  0.70432645E+00,  0.50476837E+01,  0.51691065E+02,  0.37045343E+03,  0.33123043E-03,  0.23738232E-02,  0.13687719E+02,  0.14555140E+02,  0.98095529E+02,  0.11765833E+04,  0.12922417E+04,  0.84321983E+04,  0.75916757E-02, -0.10808305E+04,  0.54407127E-01, -0.16004759E+08, -0.67328469E+07, -0.59094602E+09,  0.38532170E+09,  0.28279059E+11,  0.18120898E+06,  0.56150120E-04,  0.13444206E-03,  0.41765292E+00, -0.10000000E+01, -0.10000000E+01,
T, T, F, T, F, F,  0.20000000E+01,  0.00000000E+00,  0.26770659E+01,  0.13191297E+01,  0.78519136E+00,  0.15030749E+00,  0.10434792E+03,  0.24196886E+03,  0.15712741E+03,  0.48516585E-10,  0.76187371E-05,  0.12272106E-05,  0.65217453E+00,  0.15443982E+01,  0.84090952E+00,  0.70361891E+00,  0.50426130E+01,  0.51327479E+02,  0.36784772E+03,  0.32685653E-03,  0.23424768E-02,  0.13669672E+02,  0.14575477E+02,  0.97966192E+02,  0.11692542E+04,  0.12881284E+04,  0.83796730E+04,  0.75437477E-02, -0.10689506E+04,  0.54063642E-01, -0.16469274E+08, -0.67232325E+07, -0.59061984E+09,  0.38493462E+09,  0.28080148E+11,  0.17881611E+06,  0.26100534E-04,  0.56150120E-04,  0.46483487E+00, -0.10000000E+01, -0.10000000E+01,
T, T, F, T, F, F,  0.20000000E+01,  0.00000000E+00,  0.26770659E+01,  0.13365774E+01,  0.82605965E+00,  0.15048836E+00,  0.10434783E+03,  0.24196265E+03,  0.15704934E+03,  0.48295532E-10,  0.75198906E-05,  0.12240203E-05,  0.65217391E+00,  0.15438125E+01,  0.84117411E+00,  0.70347385E+00,  0.50415734E+01,  0.51562408E+02,  0.36953139E+03,  0.33115295E-03,  0.23732679E-02,  0.13680614E+02,  0.14528949E+02,  0.98044609E+02,  0.11739667E+04,  0.12907489E+04,  0.84134464E+04,  0.75724473E-02, -0.10765559E+04,  0.54269323E-01, -0.16321415E+08, -0.67222417E+07, -0.59039649E+09,  0.38485526E+09,  0.28208673E+11,  0.18116658E+06,  0.13331984E-03,  0.89095064E-05,  0.14963774E+02, -0.10000000E+01, -0.10000000E+01,
T, T, F, T, F, F,  0.20000000E+01,  0.00000000E+00,  0.26770659E+01,  0.13246715E+01,  0.95637876E+00,  0.15784396E+00,  0.10434784E+03,  0.24339513E+03,  0.15693844E+03,  0.47975356E-10,  0.74489344E-05,  0.12183107E-05,  0.65217562E+00,  0.15615724E+01,  0.84479657E+00,  0.70567730E+00,  0.50573649E+01,  0.51906524E+02,  0.37199755E+03,  0.33430741E-03,  0.23958749E-02,  0.13731007E+02,  0.14531132E+02,  0.98405763E+02,  0.11808452E+04,  0.12945407E+04,  0.84627419E+04,  0.76145966E-02, -0.10876128E+04,  0.54571393E-01, -0.17154661E+08, -0.67347965E+07, -0.62422392E+09,  0.38606072E+09,  0.28396932E+11,  0.18289232E+06,  0.54577799E-04,  0.13331984E-03,  0.40937493E+00, -0.10000000E+01, -0.10000000E+01,
T, T, F, T, F, F,  0.20000000E+01,  0.00000000E+00,  0.26770659E+01,  0.13058667E+01,  0.10015216E+01,  0.15790426E+00,  0.10434898E+03,  0.24335539E+03,  0.15706315E+03,  0.48281676E-10,  0.75122492E-05,  0.12242466E-05,  0.65229582E+00,  0.15648525E+01,  0.84588285E+00,  0.70474448E+00,  0.50506797E+01,  0.51577206E+02,  0.36963744E+03,  0.33148980E-03,  0.23756820E-02,  0.13707567E+02,  0.14548313E+02,  0.98237773E+02,  0.11742239E+04,  0.12908569E+04,  0.84152896E+04,  0.75698956E-02, -0.10769182E+04,  0.54251035E-01, -0.17548376E+08, -0.67269658E+07, -0.62255741E+09,  0.38555040E+09,  0.28216769E+11,  0.18135087E+06,  0.22977621E-04,  0.54577799E-04,  0.42100673E+00, -0.10000000E+01, -0.10000000E+01,
T, T, F, T, F, F,  0.20000000E+01,  0.00000000E+00,  0.26770659E+01,  0.13435441E+01,  0.10359389E+01,  0.15808513E+00,  0.10434839E+03,  0.24346725E+03,  0.15701206E+03,  0.48142983E-10,  0.74570855E-05,  0.12213052E-05,  0.65233874E+00,  0.15639228E+01,  0.84583372E+00,  0.70541170E+00,  0.50554614E+01,  0.51725793E+02,  0.37070232E+03,  0.33394199E-03,  0.23932561E-02,  0.13722528E+02,  0.14546899E+02,  0.98344997E+02,  0.11772102E+04,  0.12925231E+04,  0.84366913E+04,  0.75893106E-02, -0.10817473E+04,  0.54390176E-01, -0.17487692E+08, -0.67328487E+07, -0.62575696E+09,  0.38591542E+09,  0.28298058E+11,  0.18269241E+06,  0.53600747E-05,  0.74255876E-05,  0.72183846E+00, -0.10000000E+01, -0.10000000E+01,
T, T, F, T, F, F,  0.20000000E+01,  0.00000000E+00,  0.26770659E+01,  0.13269838E+01,  0.10323486E+01,  0.15808513E+00,  0.10434784E+03,  0.24342819E+03,  0.15700708E+03,  0.48154743E-10,  0.74618664E-05,  0.12215958E-05,  0.65231101E+00,  0.15632680E+01,  0.84564870E+00,  0.70537809E+00,  0.50552205E+01,  0.51713161E+02,  0.37061178E+03,  0.33372803E-03,  0.23917227E-02,  0.13721275E+02,  0.14549489E+02,  0.98336014E+02,  0.11769553E+04,  0.12923801E+04,  0.84348648E+04,  0.75863215E-02, -0.10813344E+04,  0.54368755E-01, -0.17459365E+08, -0.67319042E+07, -0.62474053E+09,  0.38589703E+09,  0.28291147E+11,  0.18257536E+06,  0.48576022E-05,  0.50343693E-05,  0.96488794E+00, -0.10000000E+01, -0.10000000E+01,
T, T, F, T, F, F,  0.20000000E+01,  0.00000000E+00,  0.26770659E+01,  0.13294276E+01,  0.10347930E+01,  0.15808513E+00,  0.10434783E+03,  0.24344862E+03,  0.15701415E+03,  0.48152018E-10,  0.74604606E-05,  0.12215536E-05,  0.65231066E+00,  0.15632801E+01,  0.84561137E+00,  0.70537853E+00,  0.50552237E+01,  0.51716087E+02,  0.37063275E+03,  0.33379091E-03,  0.23921734E-02,  0.13721737E+02,  0.14547607E+02,  0.98339330E+02,  0.11770144E+04,  0.12924132E+04,  0.84352878E+04,  0.75874680E-02, -0.10814302E+04,  0.54376971E-01, -0.17475062E+08, -0.67322865E+07, -0.62526154E+09,  0.38589727E+09,  0.28292748E+11,  0.18260976E+06,  0.32800465E-05,  0.49332076E-05,  0.66489125E+00, -0.10000000E+01, -0.10000000E+01,
T, T, F, T, F, F,  0.20000000E+01,  0.00000000E+00,  0.26770659E+01,  0.13289738E+01,  0.10321581E+01,  0.15808513E+00,  0.10434783E+03,  0.24344711E+03,  0.15700713E+03,  0.48152320E-10,  0.74607092E-05,  0.12215237E-05,  0.65231090E+00,  0.15634830E+01,  0.84566309E+00,  0.70538475E+00,  0.50552683E+01,  0.51715763E+02,  0.37063043E+03,  0.33377979E-03,  0.23920936E-02,  0.13721578E+02,  0.14548899E+02,  0.98338191E+02,  0.11770079E+04,  0.12924094E+04,  0.84352416E+04,  0.75867843E-02, -0.10814194E+04,  0.54372071E-01, -0.17460430E+08, -0.67321419E+07, -0.62521211E+09,  0.38590067E+09,  0.28292570E+11,  0.18260367E+06,  0.36787663E-05,  0.38339188E-05,  0.95953161E+00, -0.10000000E+01, -0.10000000E+01,
T, T, F, T, F, F,  0.20000000E+01,  0.00000000E+00,  0.26770659E+01,  0.13290562E+01,  0.10335136E+01,  0.15808513E+00,  0.10434783E+03,  0.24344730E+03,  0.15701409E+03,  0.48153207E-10,  0.74611859E-05,  0.12215635E-05,  0.65230916E+00,  0.15635482E+01,  0.84559427E+00,  0.70538279E+00,  0.50552542E+01,  0.51714810E+02,  0.37062360E+03,  0.33375847E-03,  0.23919408E-02,  0.13721749E+02,  0.14547973E+02,  0.98339414E+02,  0.11769889E+04,  0.12923991E+04,  0.84351052E+04,  0.75873137E-02, -0.10813892E+04,  0.54375865E-01, -0.17473607E+08, -0.67323264E+07, -0.62523387E+09,  0.38589960E+09,  0.28292049E+11,  0.18259201E+06,  0.26350642E-05,  0.37772498E-05,  0.69761448E+00, -0.10000000E+01, -0.10000000E+01,
T, T, F, T, F, F,  0.20000000E+01,  0.00000000E+00,  0.26770659E+01,  0.13291593E+01,  0.10329540E+01,  0.15808513E+00,  0.10434783E+03,  0.24344719E+03,  0.15700749E+03,  0.48151749E-10,  0.74604911E-05,  0.12215179E-05,  0.65231088E+00,  0.15634703E+01,  0.84566350E+00,  0.70538151E+00,  0.50552450E+01,  0.51716376E+02,  0.37063483E+03,  0.33378955E-03,  0.23921636E-02,  0.13721558E+02,  0.14548691E+02,  0.98338047E+02,  0.11770201E+04,  0.12924163E+04,  0.84353291E+04,  0.75869709E-02, -0.10814396E+04,  0.54373409E-01, -0.17460085E+08, -0.67321544E+07, -0.62521523E+09,  0.38589890E+09,  0.28292906E+11,  0.18260901E+06,  0.28446502E-05,  0.27183103E-05,  0.10464774E+01, -0.10000000E+01, -0.10000000E+01,
T, T, F, T, F, F,  0.20000000E+01,  0.00000000E+00,  0.26770659E+01,  0.13289584E+01,  0.10331460E+01,  0.15808513E+00,  0.10434783E+03,  0.24344739E+03,  0.15701369E+03,  0.48153249E-10,  0.74612531E-05,  0.12215602E-05,  0.65231014E+00,  0.15634736E+01,  0.84559681E+00,  0.70538356E+00,  0.50552597E+01,  0.51714765E+02,  0.37062328E+03,  0.33375546E-03,  0.23919193E-02,  0.13721743E+02,  0.14548026E+02,  0.98339372E+02,  0.11769879E+04,  0.12923985E+04,  0.84350984E+04,  0.75872951E-02, -0.10813877E+04,  0.54375732E-01, -0.17471901E+08, -0.67323400E+07, -0.62523718E+09,  0.38590002E+09,  0.28292025E+11,  0.18259036E+06,  0.22075745E-05,  0.27859380E-05,  0.79239902E+00, -0.10000000E+01, -0.10000000E+01,
T, T, F, T, F, F,  0.20000000E+01,  0.00000000E+00,  0.26770659E+01,  0.13291456E+01,  0.10330444E+01,  0.15808513E+00,  0.10434783E+03,  0.24344712E+03,  0.15700793E+03,  0.48151713E-10,  0.74604780E-05,  0.12215248E-05,  0.65231041E+00,  0.15634499E+01,  0.84565609E+00,  0.70538124E+00,  0.50552431E+01,  0.51716415E+02,  0.37063510E+03,  0.33379014E-03,  0.23921678E-02,  0.13721593E+02,  0.14548589E+02,  0.98338298E+02,  0.11770211E+04,  0.12924169E+04,  0.84353358E+04,  0.75870542E-02, -0.10814412E+04,  0.54374006E-01, -0.17460335E+08, -0.67321241E+07, -0.62521074E+09,  0.38589875E+09,  0.28292927E+11,  0.18260933E+06,  0.22950832E-05,  0.22703387E-05,  0.10108990E+01, -0.10000000E+01, -0.10000000E+01,
T, T, F, T, F, F,  0.20000000E+01,  0.00000000E+00,  0.26770659E+01,  0.13289777E+01,  0.10330723E+01,  0.15808513E+00,  0.10434783E+03,  0.24344737E+03,  0.15701323E+03,  0.48153199E-10,  0.74612314E-05,  0.12215527E-05,  0.65231048E+00,  0.15634533E+01,  0.84559767E+00,  0.70538323E+00,  0.50552574E+01,  0.51714819E+02,  0.37062366E+03,  0.33375643E-03,  0.23919262E-02,  0.13721729E+02,  0.14548020E+02,  0.98339268E+02,  0.11769891E+04,  0.12923992E+04,  0.84351070E+04,  0.75872885E-02, -0.10813894E+04,  0.54375684E-01, -0.17470107E+08, -0.67323417E+07, -0.62523697E+09,  0.38589984E+09,  0.28292054E+11,  0.18259089E+06,  0.18272401E-05,  0.22492043E-05,  0.81239399E+00, -0.10000000E+01, -0.10000000E+01,
T, T, F, T, F, F,  0.20000000E+01,  0.00000000E+00,  0.26770659E+01,  0.13291303E+01,  0.10330724E+01,  0.15808513E+00,  0.10434783E+03,  0.24344714E+03,  0.15700856E+03,  0.48151823E-10,  0.74605411E-05,  0.12215299E-05,  0.65231034E+00,  0.15634248E+01,  0.84565003E+00,  0.70538181E+00,  0.50552472E+01,  0.51716296E+02,  0.37063426E+03,  0.33378731E-03,  0.23921475E-02,  0.13721620E+02,  0.14548547E+02,  0.98338489E+02,  0.11770189E+04,  0.12924156E+04,  0.84353200E+04,  0.75870861E-02, -0.10814378E+04,  0.54374234E-01, -0.17461102E+08, -0.67321732E+07, -0.62521584E+09,  0.38589907E+09,  0.28292862E+11,  0.18260779E+06,  0.17851698E-05,  0.19397455E-05,  0.92031132E+00, -0.10000000E+01, -0.10000000E+01,
T, T, F, T, F, F,  0.20000000E+01,  0.00000000E+00,  0.26770659E+01,  0.13289882E+01,  0.10330230E+01,  0.15808513E+00,  0.10434783E+03,  0.24344734E+03,  0.15701290E+03,  0.48153174E-10,  0.74611909E-05,  0.12215509E-05,  0.65231049E+00,  0.15634185E+01,  0.84560196E+00,  0.70538349E+00,  0.50552592E+01,  0.51714846E+02,  0.37062386E+03,  0.33375824E-03,  0.23919392E-02,  0.13721719E+02,  0.14548086E+02,  0.98339195E+02,  0.11769900E+04,  0.12923997E+04,  0.84351128E+04,  0.75872679E-02, -0.10813907E+04,  0.54375537E-01, -0.17469028E+08, -0.67323418E+07, -0.62523621E+09,  0.38589998E+09,  0.28292069E+11,  0.18259188E+06,  0.15377348E-05,  0.18036006E-05,  0.85259162E+00, -0.10000000E+01, -0.10000000E+01,
T, T, F, T, F, F,  0.20000000E+01,  0.00000000E+00,  0.26770659E+01,  0.13291380E+01,  0.10331078E+01,  0.15808513E+00,  0.10434783E+03,  0.24344716E+03,  0.15700889E+03,  0.48151811E-10,  0.74605420E-05,  0.12215361E-05,  0.65231034E+00,  0.15634068E+01,  0.84564428E+00,  0.70538154E+00,  0.50552453E+01,  0.51716310E+02,  0.37063435E+03,  0.33378727E-03,  0.23921472E-02,  0.13721635E+02,  0.14548493E+02,  0.98338599E+02,  0.11770195E+04,  0.12924160E+04,  0.84353242E+04,  0.75871299E-02, -0.10814384E+04,  0.54374548E-01, -0.17461435E+08, -0.67321380E+07, -0.62521304E+09,  0.38589892E+09,  0.28292870E+11,  0.18260776E+06,  0.14278759E-05,  0.16249797E-05,  0.87870386E+00, -0.10000000E+01, -0.10000000E+01,
T, T, F, T, F, F,  0.20000000E+01,  0.00000000E+00,  0.26770659E+01,  0.13289255E+01,  0.10262678E+01,  0.15808513E+00,  0.10434783E+03,  0.24344733E+03,  0.15701258E+03,  0.48171917E-10,  0.74561291E-05,  0.12217473E-05,  0.65231048E+00,  0.15634018E+01,  0.84560416E+00,  0.70565024E+00,  0.50571710E+01,  0.51694724E+02,  0.37047965E+03,  0.33398482E-03,  0.23935630E-02,  0.13717480E+02,  0.14588128E+02,  0.98308816E+02,  0.11765645E+04,  0.12921405E+04,  0.84320639E+04,  0.75803739E-02, -0.10806660E+04,  0.54326130E-01, -0.17483060E+08, -0.67380873E+07, -0.62576967E+09,  0.38604592E+09,  0.28281061E+11,  0.18271584E+06,  0.13306958E-03,  0.15088359E-05,  0.88193542E+02, -0.10000000E+01, -0.10000000E+01,
T, T, F, T, F, F,  0.20000000E+01,  0.00000000E+00,  0.26770659E+01,  0.13120272E+01,  0.92803689E+00,  0.16743036E+00,  0.10434806E+03,  0.24510714E+03,  0.15689784E+03,  0.47869968E-10,  0.74203081E-05,  0.12154453E-05,  0.65217597E+00,  0.15810142E+01,  0.84980433E+00,  0.70937485E+00,  0.50838640E+01,  0.52020798E+02,  0.37281652E+03,  0.33559711E-03,  0.24051178E-02,  0.13772896E+02,  0.14691954E+02,  0.98705966E+02,  0.11830826E+04,  0.12957156E+04,  0.84787772E+04,  0.76169048E-02, -0.10911210E+04,  0.54587935E-01, -0.18370481E+08, -0.67706658E+07, -0.67032294E+09,  0.38808357E+09,  0.28459449E+11,  0.18359789E+06,  0.56990440E-04,  0.13306958E-03,  0.42827548E+00, -0.10000000E+01, -0.10000000E+01,
T, T, F, T, F, F,  0.20000000E+01,  0.00000000E+00,  0.26770659E+01,  0.13011715E+01,  0.10134774E+01,  0.16851562E+00,  0.10434994E+03,  0.24576430E+03,  0.15705895E+03,  0.48233541E-10,  0.74793422E-05,  0.12230287E-05,  0.65221546E+00,  0.15825845E+01,  0.85145366E+00,  0.70809915E+00,  0.50747215E+01,  0.51628679E+02,  0.37000633E+03,  0.33294826E-03,  0.23861343E-02,  0.13744267E+02,  0.14696577E+02,  0.98500794E+02,  0.11751755E+04,  0.12913168E+04,  0.84221091E+04,  0.75566900E-02, -0.10783421E+04,  0.54156395E-01, -0.18846853E+08, -0.67554904E+07, -0.68629350E+09,  0.38738566E+09,  0.28244928E+11,  0.18214876E+06,  0.25170241E-04,  0.56990440E-04,  0.44165725E+00, -0.10000000E+01, -0.10000000E+01,
T, T, F, T, F, F,  0.20000000E+01,  0.00000000E+00,  0.26770659E+01,  0.13594841E+01,  0.97319076E+00,  0.16863620E+00,  0.10434804E+03,  0.24530242E+03,  0.15698957E+03,  0.48017982E-10,  0.74481107E-05,  0.12198670E-05,  0.65218179E+00,  0.15823312E+01,  0.85133520E+00,  0.70811062E+00,  0.50748037E+01,  0.51860446E+02,  0.37166733E+03,  0.33434438E-03,  0.23961399E-02,  0.13758964E+02,  0.14652731E+02,  0.98606124E+02,  0.11798264E+04,  0.12939041E+04,  0.84554405E+04,  0.75883962E-02, -0.10858520E+04,  0.54383623E-01, -0.18732159E+08, -0.67547907E+07, -0.67387689E+09,  0.38739194E+09,  0.28371723E+11,  0.18291255E+06,  0.13224773E-03,  0.71669118E-05,  0.18452540E+02, -0.10000000E+01, -0.10000000E+01,
T, T, F, T, F, F,  0.20000000E+01,  0.00000000E+00,  0.26770659E+01,  0.12951929E+01,  0.86862645E+00,  0.17436392E+00,  0.10434790E+03,  0.24729731E+03,  0.15685943E+03,  0.47690067E-10,  0.73998516E-05,  0.12136563E-05,  0.65218504E+00,  0.15996037E+01,  0.85381984E+00,  0.71061324E+00,  0.50927392E+01,  0.52217036E+02,  0.37422290E+03,  0.33652485E-03,  0.24117666E-02,  0.13816177E+02,  0.14659797E+02,  0.99016147E+02,  0.11875709E+04,  0.12978661E+04,  0.85109434E+04,  0.76378216E-02, -0.10973641E+04,  0.54737839E-01, -0.19532630E+08, -0.67705728E+07, -0.73126942E+09,  0.38876107E+09,  0.28566806E+11,  0.18410543E+06,  0.55615606E-04,  0.13224773E-03,  0.42054111E+00, -0.10000000E+01, -0.10000000E+01,
T, T, F, T, F, F,  0.20000000E+01,  0.00000000E+00,  0.26770659E+01,  0.13191036E+01,  0.76229048E+00,  0.17629326E+00,  0.10434899E+03,  0.24744779E+03,  0.15702210E+03,  0.48021249E-10,  0.74569534E-05,  0.12208407E-05,  0.65229205E+00,  0.16005348E+01,  0.85587135E+00,  0.70916184E+00,  0.50823375E+01,  0.51856918E+02,  0.37164205E+03,  0.33394790E-03,  0.23932985E-02,  0.13782410E+02,  0.14665556E+02,  0.98774152E+02,  0.11797285E+04,  0.12938506E+04,  0.84547393E+04,  0.75792165E-02, -0.10856860E+04,  0.54317835E-01, -0.20095815E+08, -0.67559178E+07, -0.73414852E+09,  0.38796704E+09,  0.28369793E+11,  0.18269564E+06,  0.22897188E-04,  0.55615606E-04,  0.41170437E+00, -0.10000000E+01, -0.10000000E+01,
T, T, F, T, F, F,  0.20000000E+01,  0.00000000E+00,  0.26770659E+01,  0.13901547E+01,  0.77214400E+00,  0.17659472E+00,  0.10434801E+03,  0.24753049E+03,  0.15688018E+03,  0.47867679E-10,  0.74129608E-05,  0.12160239E-05,  0.65235288E+00,  0.16011048E+01,  0.85414282E+00,  0.70996462E+00,  0.50880907E+01,  0.52023286E+02,  0.37283435E+03,  0.33592974E-03,  0.24075016E-02,  0.13807598E+02,  0.14641015E+02,  0.98954662E+02,  0.11830823E+04,  0.12957282E+04,  0.84787746E+04,  0.76242842E-02, -0.10911194E+04,  0.54640821E-01, -0.19674051E+08, -0.67688628E+07, -0.73802843E+09,  0.38840622E+09,  0.28460810E+11,  0.18377986E+06,  0.38256937E-04,  0.41542423E-04,  0.92091251E+00, -0.10000000E+01, -0.10000000E+01,
T, T, F, T, F, F,  0.20000000E+01,  0.00000000E+00,  0.26770659E+01,  0.13759051E+01,  0.77476132E+00,  0.17659472E+00,  0.10434831E+03,  0.30000000E+03,  0.15697996E+03,  0.47971727E-10,  0.75232905E-05,  0.12182123E-05,  0.65236032E+00,  0.16004802E+01,  0.85537714E+00,  0.70947624E+00,  0.50845906E+01,  0.51910450E+02,  0.37202569E+03,  0.33100330E-03,  0.23721954E-02,  0.13762240E+02,  0.14738224E+02,  0.98629598E+02,  0.11808055E+04,  0.12944544E+04,  0.84624579E+04,  0.75121955E-02, -0.10874315E+04,  0.53837517E-01, -0.69819025E+09, -0.67428491E+07, -0.24355239E+13,  0.38813904E+09,  0.28399080E+11,  0.18108471E+06,  0.21189263E-03,  0.21203227E-04,  0.99934143E+01, -0.10000000E+01, -0.10000000E+01,
T, T, F, T, F, F,  0.20000000E+01,  0.00000000E+00,  0.26770659E+01,  0.12322216E+03,  0.12322216E+03,  0.17780055E+00,  0.10434824E+03,  0.28728783E+03,  0.15676993E+03,  0.47876071E-10,  0.74078506E-05,  0.12140995E-05,  0.65233851E+00,  0.18736286E+01,  0.85375012E+00,  0.71082440E+00,  0.50942525E+01,  0.52014167E+02,  0.37276900E+03,  0.33616147E-03,  0.24091624E-02,  0.13816258E+02,  0.14665592E+02,  0.99016728E+02,  0.11828991E+04,  0.12956259E+04,  0.84774620E+04,  0.76295456E-02, -0.10908244E+04,  0.54678528E-01, -0.26528073E+08, -0.67714220E+07, -0.12612393E+11,  0.38887659E+09,  0.28455821E+11,  0.18390664E+06,  0.56066187E-03,  0.15841333E-02,  0.35392343E+00, -0.10000000E+01, -0.10000000E+01,
T, T, F, T, F, F,  0.20000000E+01,  0.00000000E+00,  0.26770659E+01,  0.23384869E+01,  0.77563356E+00,  0.17659472E+00,  0.10434824E+03,  0.29744081E+03,  0.15688083E+03,  0.47592690E-10,  0.35177818E-04,  0.12605514E-05,  0.65236047E+00,  0.17839317E+01,  0.85397979E+00,  0.70683324E+00,  0.50656491E+01,  0.52323875E+02,  0.37498858E+03,  0.70789892E-04,  0.50732865E-03,  0.13848638E+02,  0.13735777E+02,  0.99248789E+02,  0.11902346E+04,  0.12991205E+04,  0.85300327E+04,  0.13261993E-02, -0.11009522E+04,  0.95044486E-02, -0.82387362E+08, -0.68521967E+07, -0.19445644E+12,  0.38669311E+09,  0.28625255E+11,  0.38727612E+05,  0.18612785E-02,  0.76771746E-03,  0.24244316E+01, -0.10000000E+01, -0.10000000E+01,
T, T, F, T, F, F,  0.20000000E+01,  0.00000000E+00,  0.26770659E+01,  0.11340987E+02,  0.77124863E+00,  0.17671530E+00,  0.10434803E+03,  0.29993923E+03,  0.15775529E+03,  0.48402016E-10,  0.15729067E-04,  0.12923359E-05,  0.65235663E+00,  0.19894731E+01,  0.89196328E+00,  0.70900047E+00,  0.50811809E+01,  0.51448972E+02,  0.36871842E+03,  0.15832051E-03,  0.11346328E-02,  0.13659590E+02,  0.14551266E+02,  0.97893940E+02,  0.11714744E+04,  0.12891976E+04,  0.83955847E+04,  0.98437947E-03, -0.10723117E+04,  0.70547347E-02, -0.98878547E+10, -0.14667917E+08, -0.47083713E+13,  0.38787875E+09,  0.28146615E+11,  0.86613713E+05,  0.13592189E-02,  0.32932165E-02,  0.41273292E+00, -0.10000000E+01, -0.10000000E+01,
T, T, F, T, F, F,  0.20000000E+01,  0.00000000E+00,  0.26770659E+01,  0.79197585E+02,  0.79197585E+02,  0.18238273E+00,  0.10434789E+03,  0.28581241E+03,  0.15665176E+03,  0.47767596E-10,  0.77341741E-05,  0.12118781E-05,  0.65221294E+00,  0.19815730E+01,  0.86960788E+00,  0.70924828E+00,  0.50829570E+01,  0.52132286E+02,  0.37361552E+03,  0.32197801E-03,  0.23075140E-02,  0.13854337E+02,  0.14327661E+02,  0.99289632E+02,  0.11852837E+04,  0.12970387E+04,  0.84945516E+04,  0.74947137E-02, -0.10942718E+04,  0.53712230E-01, -0.26585162E+08, -0.67941163E+07, -0.10274685E+11,  0.38801433E+09,  0.28520441E+11,  0.17614717E+06,  0.43690058E-03,  0.16018608E-01,  0.27274565E-01, -0.10000000E+01, -0.10000000E+01,
T, T, F, T, F, F,  0.20000000E+01,  0.00000000E+00,  0.26770659E+01,  0.13713436E+01,  0.77251736E+00,  0.17737851E+00,  0.10434799E+03,  0.29987818E+03,  0.15693529E+03,  0.48157943E-10,  0.49185638E-04,  0.12864770E-05,  0.65236312E+00,  0.19553547E+01,  0.85716596E+00,  0.70598801E+00,  0.50595916E+01,  0.51709725E+02,  0.37058716E+03,  0.50629291E-04,  0.36284403E-03,  0.13659925E+02,  0.14398590E+02,  0.97896342E+02,  0.11767479E+04,  0.12921774E+04,  0.84333784E+04,  0.11793397E-02, -0.10808415E+04,  0.84519524E-02, -0.17978541E+10, -0.70290617E+07, -0.20173676E+13,  0.38623070E+09,  0.28289267E+11,  0.27698185E+05,  0.61418660E-03,  0.33882111E-03,  0.18127164E+01, -0.10000000E+01, -0.10000000E+01,
T, T, F, T, F, F,  0.20000000E+01,  0.00000000E+00,  0.26770659E+01,  0.23964001E+02,  0.18724397E+02,  0.17792114E+00,  0.10434833E+03,  0.29999415E+03,  0.15735083E+03,  0.48306800E-10,  0.24794286E-04,  0.12886173E-05,  0.65232582E+00,  0.19529564E+01,  0.88080338E+00,  0.70619373E+00,  0.50610659E+01,  0.51550381E+02,  0.36944520E+03,  0.10043580E-03,  0.71979144E-03,  0.13609274E+02,  0.14244732E+02,  0.97533341E+02,  0.11735247E+04,  0.12903518E+04,  0.84102785E+04,  0.23397724E-02, -0.10755969E+04,  0.16768405E-01, -0.15790669E+10, -0.88181449E+07, -0.31481982E+13,  0.38634325E+09,  0.28202094E+11,  0.54946243E+05,  0.71343601E-03,  0.23302013E-02,  0.30616926E+00, -0.10000000E+01, -0.10000000E+01,
T, T, F, T, F, F,  0.20000000E+01,  0.00000000E+00,  0.26770659E+01,  0.59042403E+02,  0.59042403E+02,  0.18322682E+00,  0.10434915E+03,  0.29362523E+03,  0.15660905E+03,  0.47768337E-10,  0.88027468E-05,  0.12163439E-05,  0.65219337E+00,  0.21257629E+01,  0.86897482E+00,  0.71158057E+00,  0.50996717E+01,  0.52131477E+02,  0.37360972E+03,  0.28289283E-03,  0.20274030E-02,  0.13894017E+02,  0.14395158E+02,  0.99574005E+02,  0.11854527E+04,  0.12968730E+04,  0.84957628E+04,  0.65910443E-02, -0.10946103E+04,  0.47235919E-01, -0.48615559E+08, -0.67926770E+07, -0.44473180E+11,  0.38929027E+09,  0.28519999E+11,  0.15476452E+06,  0.44653671E-03,  0.70601168E-02,  0.63247780E-01, -0.10000000E+01, -0.10000000E+01,
T, T, F, T, F, F,  0.20000000E+01,  0.00000000E+00,  0.26770659E+01,  0.34792260E+01,  0.77270000E+00,  0.17792114E+00,  0.10434802E+03,  0.29999994E+03,  0.15724769E+03,  0.48313999E-10,  0.33118970E-04,  0.12921354E-05,  0.65236368E+00,  0.19669285E+01,  0.87499456E+00,  0.70956936E+00,  0.50852581E+01,  0.51542700E+02,  0.36939014E+03,  0.75190561E-04,  0.53886685E-03,  0.13672530E+02,  0.14382035E+02,  0.97986676E+02,  0.11733787E+04,  0.12902736E+04,  0.84092318E+04,  0.16093484E-02, -0.10753696E+04,  0.11533689E-01, -0.36371533E+10, -0.98846550E+07, -0.35699508E+13,  0.38818998E+09,  0.28197891E+11,  0.41135123E+05,  0.11781049E-02,  0.69607799E-03,  0.16924898E+01, -0.10000000E+01, -0.10000000E+01,
T, T, F, T, F, F,  0.20000000E+01,  0.00000000E+00,  0.26770659E+01,  0.99528247E+02,  0.99528247E+02,  0.17743880E+00,  0.10434787E+03,  0.29885587E+03,  0.15687207E+03,  0.47795740E-10,  0.10313358E-04,  0.12265437E-05,  0.65217505E+00,  0.20753055E+01,  0.86742193E+00,  0.70767619E+00,  0.50716903E+01,  0.52101588E+02,  0.37339552E+03,  0.24145715E-03,  0.17304466E-02,  0.13801300E+02,  0.14312548E+02,  0.98909532E+02,  0.11846863E+04,  0.12966132E+04,  0.84902700E+04,  0.55221213E-02, -0.10936863E+04,  0.39575288E-01, -0.31477320E+09, -0.67952572E+07, -0.53305904E+12,  0.38715427E+09,  0.28503647E+11,  0.13209596E+06,  0.42042655E-03,  0.23813563E-02,  0.17654920E+00, -0.10000000E+01, -0.10000000E+01,
T, T, F, T, F, F,  0.20000000E+01,  0.00000000E+00,  0.26770659E+01,  0.52761365E+01,  0.77421432E+00,  0.17888581E+00,  0.10434819E+03,  0.29987108E+03,  0.15765065E+03,  0.48386843E-10,  0.26044488E-04,  0.12920108E-05,  0.65236450E+00,  0.20934116E+01,  0.87890897E+00,  0.71101719E+00,  0.50956342E+01,  0.51465105E+02,  0.36883404E+03,  0.95614625E-04,  0.68523962E-03,  0.13668274E+02,  0.14693799E+02,  0.97956175E+02,  0.11717995E+04,  0.12893700E+04,  0.83979147E+04,  0.22277655E-02, -0.10727791E+04,  0.15965687E-01, -0.22449342E+10, -0.77699193E+07, -0.22020441E+13,  0.38898206E+09,  0.28155441E+11,  0.52308684E+05,  0.65762584E-03,  0.46579084E-03,  0.14118480E+01, -0.10000000E+01, -0.10000000E+01,
T, T, F, T, F, F,  0.20000000E+01,  0.00000000E+00,  0.26770659E+01,  0.27167012E+02,  0.25387663E+02,  0.18292536E+00,  0.10434796E+03,  0.28517044E+03,  0.15667065E+03,  0.47690288E-10,  0.92313434E-05,  0.12192029E-05,  0.65217706E+00,  0.19342451E+01,  0.87957624E+00,  0.70965657E+00,  0.50858830E+01,  0.52216794E+02,  0.37422116E+03,  0.26975857E-03,  0.19332739E-02,  0.13868389E+02,  0.14268474E+02,  0.99390336E+02,  0.11875622E+04,  0.12978714E+04,  0.85108807E+04,  0.62605161E-02, -0.10973749E+04,  0.44867128E-01, -0.29283703E+08, -0.68202499E+07, -0.94781780E+10,  0.38823769E+09,  0.28566674E+11,  0.14757905E+06,  0.79361471E-03,  0.17707986E-01,  0.44816768E-01, -0.10000000E+01, -0.10000000E+01,
T, T, F, T, F, F,  0.20000000E+01,  0.00000000E+00,  0.26770659E+01,  0.24341130E+01,  0.16647219E+01,  0.17997106E+00,  0.10434784E+03,  0.29997905E+03,  0.15770527E+03,  0.49622695E-10,  0.57776259E-04,  0.15110179E-05,  0.65217538E+00,  0.21514571E+01,  0.90714558E+00,  0.70656565E+00,  0.50637314E+01,  0.50183367E+02,  0.35964824E+03,  0.43101336E-04,  0.30889357E-03,  0.13428842E+02,  0.14557373E+02,  0.96240242E+02,  0.11458604E+04,  0.12745124E+04,  0.82120172E+04,  0.10023191E-02, -0.10303651E+04,  0.71833024E-02, -0.46224865E+10, -0.73446744E+07, -0.25451506E+13,  0.38654672E+09,  0.27454230E+11,  0.23579805E+05,  0.14606961E-02,  0.11144232E-02,  0.13107194E+01, -0.10000000E+01, -0.10000000E+01,
T, T, F, T, F, F,  0.20000000E+01,  0.00000000E+00,  0.26770659E+01,  0.91225887E+02,  0.91225887E+02,  0.18720608E+00,  0.10434783E+03,  0.29999920E+03,  0.15756841E+03,  0.47968988E-10,  0.74071114E-04,  0.17109039E-05,  0.65220226E+00,  0.20680204E+01,  0.93072106E+00,  0.68824552E+00,  0.49324368E+01,  0.51913414E+02,  0.37204694E+03,  0.33619502E-04,  0.24094028E-03,  0.13408907E+02,  0.13430490E+02,  0.96097374E+02,  0.11807914E+04,  0.12943491E+04,  0.84623563E+04,  0.46309586E-03, -0.10872680E+04,  0.33188608E-02, -0.77365507E+10, -0.15051409E+08, -0.54279060E+13,  0.37652417E+09,  0.28400701E+11,  0.18392499E+05,  0.24280619E-01,  0.82465870E-02,  0.29443234E+01, -0.10000000E+01, -0.10000000E+01,
T, T, F, T, F, F,  0.20000000E+01,  0.00000000E+00,  0.26770659E+01,  0.64661281E+02,  0.64661281E+02,  0.18334740E+00,  0.10434840E+03,  0.30000000E+03,  0.15714292E+03,  0.48089014E-10,  0.24599696E-04,  0.12731110E-05,  0.65223360E+00,  0.21142928E+01,  0.88995617E+00,  0.70654847E+00,  0.50636083E+01,  0.51783843E+02,  0.37111834E+03,  0.10123027E-03,  0.72548520E-03,  0.13723777E+02,  0.14192887E+02,  0.98353950E+02,  0.11782402E+04,  0.12930224E+04,  0.84440730E+04,  0.13945732E-02, -0.10831484E+04,  0.99944625E-02, -0.19310371E+10, -0.66647517E+07, -0.24073150E+13,  0.38653732E+09,  0.28329816E+11,  0.55380884E+05,  0.26252345E-02,  0.22932545E-01,  0.11447637E+00, -0.10000000E+01, -0.10000000E+01,
T, T, F, T, F, F,  0.20000000E+01,  0.00000000E+00,  0.26770659E+01,  0.20000941E+02,  0.53011089E+01,  0.17942843E+00,  0.10434890E+03,  0.29777618E+03,  0.15779603E+03,  0.48188828E-10,  0.10075041E-04,  0.12554152E-05,  0.65224975E+00,  0.18589422E+01,  0.89837721E+00,  0.70911209E+00,  0.50819809E+01,  0.51676583E+02,  0.37034964E+03,  0.24716862E-03,  0.17713789E-02,  0.13697822E+02,  0.14451554E+02,  0.98167935E+02,  0.11760545E+04,  0.12917617E+04,  0.84284088E+04,  0.57620634E-02, -0.10796764E+04,  0.41294877E-01, -0.22300571E+09, -0.66210063E+07, -0.22920290E+12,  0.38793982E+09,  0.28271136E+11,  0.13522058E+06,  0.51078122E-03,  0.64650684E-02,  0.79006313E-01, -0.10000000E+01, -0.10000000E+01,
T, T, F, T, F, F,  0.20000000E+01,  0.00000000E+00,  0.26770659E+01,  0.29660106E+02,  0.29660106E+02,  0.18376944E+00,  0.10434823E+03,  0.29828778E+03,  0.15627967E+03,  0.47847267E-10,  0.12116256E-04,  0.12337616E-05,  0.65217647E+00,  0.20163108E+01,  0.84846792E+00,  0.71062546E+00,  0.50928268E+01,  0.52045480E+02,  0.37299341E+03,  0.20552833E-03,  0.14729562E-02,  0.13837589E+02,  0.14301323E+02,  0.99169602E+02,  0.11835156E+04,  0.12959524E+04,  0.84818801E+04,  0.23648034E-02, -0.10917927E+04,  0.16947794E-01, -0.15852898E+09, -0.67589134E+07, -0.33095791E+12,  0.38876775E+09,  0.28472951E+11,  0.11244009E+06,  0.11859465E-02,  0.58345466E-02,  0.20326284E+00, -0.10000000E+01, -0.10000000E+01,
T, T, F, T, F, F,  0.20000000E+01,  0.00000000E+00,  0.26770659E+01,  0.32349924E+02,  0.32349924E+02,  0.18196069E+00,  0.10434849E+03,  0.29999287E+03,  0.15767400E+03,  0.48376627E-10,  0.45367433E-04,  0.13316041E-05,  0.65221981E+00,  0.20420826E+01,  0.89304488E+00,  0.70150918E+00,  0.50274932E+01,  0.51475974E+02,  0.36891194E+03,  0.54890343E-04,  0.39338164E-03,  0.13541297E+02,  0.14221258E+02,  0.97046168E+02,  0.11720284E+04,  0.12895017E+04,  0.83995548E+04,  0.12773769E-02, -0.10731826E+04,  0.91545542E-02, -0.38360180E+10, -0.76193273E+07, -0.27132934E+13,  0.38378043E+09,  0.28161387E+11,  0.30029314E+05,  0.18064091E-02,  0.46976228E-02,  0.38453687E+00, -0.10000000E+01, -0.10000000E+01,
T, T, F, T, F, F,  0.20000000E+01,  0.00000000E+00,  0.26770659E+01,  0.45201587E+02,  0.45201587E+02,  0.18612082E+00,  0.10434921E+03,  0.29510576E+03,  0.15614253E+03,  0.47610963E-10,  0.99096755E-05,  0.12230226E-05,  0.65219291E+00,  0.19144092E+01,  0.85427364E+00,  0.70701932E+00,  0.50669827E+01,  0.52303793E+02,  0.37484466E+03,  0.25129319E-03,  0.18009384E-02,  0.13845173E+02,  0.13783691E+02,  0.99223953E+02,  0.11899427E+04,  0.12989582E+04,  0.85279407E+04,  0.27082164E-02, -0.11003154E+04,  0.19408926E-01, -0.41515938E+08, -0.68171376E+07, -0.70135847E+11,  0.38679491E+09,  0.28614269E+11,  0.13747704E+06,  0.65252417E-03,  0.49959072E-02,  0.13061175E+00, -0.10000000E+01, -0.10000000E+01,
T, T, F, T, F, F,  0.20000000E+01,  0.00000000E+00,  0.26770659E+01,  0.11622429E+02,  0.77238425E+00,  0.17719764E+00,  0.10434868E+03,  0.29996247E+03,  0.15762226E+03,  0.48495300E-10,  0.22776290E-04,  0.12903426E-05,  0.65236951E+00,  0.20004638E+01,  0.88450552E+00,  0.70435710E+00,  0.50479034E+01,  0.51350006E+02,  0.36800917E+03,  0.10933449E-03,  0.78356550E-03,  0.13567846E+02,  0.14585422E+02,  0.97236437E+02,  0.11694726E+04,  0.12879414E+04,  0.83812386E+04,  0.25435271E-02, -0.10688145E+04,  0.18228650E-01, -0.14296953E+10, -0.64617213E+07, -0.21681866E+13,  0.38533847E+09,  0.28092473E+11,  0.59814522E+05,  0.97971818E-03,  0.25693526E-02,  0.38130935E+00, -0.10000000E+01, -0.10000000E+01,
T, T, F, T, F, F,  0.20000000E+01,  0.00000000E+00,  0.26770659E+01,  0.18619400E+02,  0.56689737E+01,  0.18256361E+00,  0.10434788E+03,  0.29956075E+03,  0.15652353E+03,  0.47919204E-10,  0.21731262E-04,  0.12289697E-05,  0.65217636E+00,  0.19512706E+01,  0.86204478E+00,  0.71559342E+00,  0.51284305E+01,  0.51967348E+02,  0.37243346E+03,  0.11459224E-03,  0.82124613E-03,  0.13851533E+02,  0.14461413E+02,  0.99269531E+02,  0.11819253E+04,  0.12950565E+04,  0.84704832E+04,  0.19650925E-02, -0.10891680E+04,  0.14083193E-01, -0.35154962E+09, -0.67607274E+07, -0.11784781E+13,  0.39148561E+09,  0.28430207E+11,  0.62690924E+05,  0.84985048E-03,  0.39829914E-02,  0.21336990E+00, -0.10000000E+01, -0.10000000E+01,
T, T, F, T, F, F,  0.20000000E+01,  0.00000000E+00,  0.26770659E+01,  0.11725075E+02,  0.11725075E+02,  0.18027252E+00,  0.10434896E+03,  0.29876687E+03,  0.15698607E+03,  0.47747017E-10,  0.20744720E-04,  0.12674442E-05,  0.65221814E+00,  0.20592541E+01,  0.86708740E+00,  0.71052571E+00,  0.50921119E+01,  0.52154755E+02,  0.37377655E+03,  0.12004182E-03,  0.86030155E-03,  0.13875491E+02,  0.14168376E+02,  0.99441235E+02,  0.11860162E+04,  0.12971691E+04,  0.84998009E+04,  0.20319099E-02, -0.10953473E+04,  0.14562052E-01, -0.24091323E+09, -0.67911940E+07, -0.49102998E+12,  0.38871318E+09,  0.28532733E+11,  0.65672271E+05,  0.95940127E-03,  0.80397840E-03,  0.11933172E+01, -0.10000000E+01, -0.10000000E+01,
T, T, F, T, F, F,  0.20000000E+01,  0.00000000E+00,  0.26770659E+01,  0.18830772E+02,  0.88106275E+01,  0.17900639E+00,  0.10434798E+03,  0.29970131E+03,  0.15607366E+03,  0.47820320E-10,  0.36124283E-04,  0.12313391E-05,  0.65236069E+00,  0.20450582E+01,  0.84940372E+00,  0.70890371E+00,  0.50804875E+01,  0.52074808E+02,  0.37320359E+03,  0.68935181E-04,  0.49403653E-03,  0.13789902E+02,  0.14100166E+02,  0.98827844E+02,  0.11840967E+04,  0.12962664E+04,  0.84860449E+04,  0.15934311E-02, -0.10927208E+04,  0.11419614E-01, -0.53138219E+09, -0.67768425E+07, -0.14510688E+13,  0.38782582E+09,  0.28488996E+11,  0.37712940E+05,  0.63783641E-03,  0.22735526E-02,  0.28054615E+00, -0.10000000E+01, -0.10000000E+01,
T, T, F, T, F, F,  0.20000000E+01,  0.00000000E+00,  0.26770659E+01,  0.55173751E+02,  0.43836166E+01,  0.17997106E+00,  0.10434871E+03,  0.29981569E+03,  0.15751151E+03,  0.49230541E-10,  0.73588751E-04,  0.15216904E-05,  0.65224806E+00,  0.19463611E+01,  0.87667533E+00,  0.70999070E+00,  0.50882776E+01,  0.50583112E+02,  0.36251308E+03,  0.33839873E-04,  0.24251961E-03,  0.13513673E+02,  0.14448371E+02,  0.96848198E+02,  0.11539608E+04,  0.12791914E+04,  0.82700700E+04,  0.77360019E-03, -0.10436455E+04,  0.55441466E-02, -0.89085427E+10, -0.89954318E+07, -0.23163538E+13,  0.38842049E+09,  0.27672922E+11,  0.18513059E+05,  0.15405039E-02,  0.13534165E-02,  0.11382334E+01, -0.10000000E+01, -0.10000000E+01,
T, T, F, T, F, F,  0.20000000E+01,  0.00000000E+00,  0.26770659E+01,  0.28814365E+02,  0.19003795E+01,  0.18165923E+00,  0.10434794E+03,  0.29954768E+03,  0.15942465E+03,  0.48482881E-10,  0.28961946E-04,  0.13271024E-05,  0.65217463E+00,  0.21002069E+01,  0.96195849E+00,  0.70437500E+00,  0.50480317E+01,  0.51363159E+02,  0.36810343E+03,  0.85982963E-04,  0.61621256E-03,  0.13582330E+02,  0.14465255E+02,  0.97340242E+02,  0.11697098E+04,  0.12881749E+04,  0.83829383E+04,  0.20041680E-02, -0.10693605E+04,  0.14363235E-01, -0.28641253E+10, -0.97022087E+07, -0.16608697E+13,  0.38534826E+09,  0.28099669E+11,  0.47039411E+05,  0.10735739E-02,  0.30992160E-02,  0.34640178E+00, -0.10000000E+01, -0.10000000E+01,
